Inv_ID,Inv_Num,TotalAmt,BillingDt,Ven_ID,Ten_ID
1,37041,807,"2021-05-11 00:00:00",9,1341
2,83565,232,"2021-03-12 00:00:00",8,1152
3,33657,510,"2021-01-01 00:00:00",1,822
4,64261,243,"2021-01-31 00:00:00",46,1393
5,24326,370,"2021-09-04 00:00:00",2,1529
6,43548,162,"2021-03-28 00:00:00",22,1042
7,69037,347,"2021-05-21 00:00:00",22,1914
8,86500,386,"2021-02-17 00:00:00",22,274
9,65618,155,"2021-12-25 00:00:00",26,960
10,81573,279,"2021-11-03 00:00:00",1,1871
11,89971,152,"2021-03-21 00:00:00",8,924
12,83909,393,"2021-01-30 00:00:00",25,1817
13,22483,538,"2021-07-05 00:00:00",29,512
14,87281,269,"2021-12-30 00:00:00",48,1202
15,24349,142,"2021-09-13 00:00:00",31,387
16,29228,207,"2021-12-12 00:00:00",35,797
17,95295,277,"2021-10-11 00:00:00",24,1227
18,90482,480,"2021-03-19 00:00:00",28,1281
19,68918,372,"2021-04-14 00:00:00",11,298
20,28088,408,"2021-11-13 00:00:00",48,708
21,54982,264,"2021-08-21 00:00:00",15,1971
22,99277,449,"2021-12-12 00:00:00",32,340
23,61456,281,"2021-12-14 00:00:00",42,77
24,77117,495,"2021-10-21 00:00:00",18,1729
25,96035,465,"2021-11-22 00:00:00",32,916
26,74533,484,"2021-12-29 00:00:00",50,1193
27,41684,146,"2021-12-27 00:00:00",25,652
28,40482,342,"2021-10-10 00:00:00",42,1004
29,46171,642,"2021-03-29 00:00:00",47,1502
30,18521,664,"2021-08-16 00:00:00",35,1901
31,83119,731,"2021-02-11 00:00:00",3,983
32,35030,325,"2021-08-19 00:00:00",5,1610
33,20775,881,"2021-07-30 00:00:00",15,1418
34,13871,311,"2021-01-01 00:00:00",8,1944
35,66910,60,"2021-01-05 00:00:00",29,161
36,54009,362,"2021-09-27 00:00:00",27,1919
37,47709,592,"2021-10-08 00:00:00",50,1427
38,50807,352,"2021-02-09 00:00:00",5,628
39,31191,428,"2021-07-20 00:00:00",14,1011
40,92511,70,"2021-10-20 00:00:00",44,1952
41,31956,427,"2021-10-15 00:00:00",13,1120
42,43184,378,"2021-09-24 00:00:00",49,1285
43,58472,312,"2021-01-17 00:00:00",38,1970
44,82246,319,"2021-02-14 00:00:00",20,165
45,37973,633,"2021-05-07 00:00:00",19,1021
46,95747,149,"2021-08-07 00:00:00",35,954
47,75649,371,"2021-11-14 00:00:00",21,276
48,82666,407,"2021-04-05 00:00:00",39,304
49,30038,702,"2021-10-08 00:00:00",29,78
50,71675,136,"2021-04-15 00:00:00",43,1375
51,51306,426,"2021-02-08 00:00:00",25,863
52,77654,712,"2021-08-09 00:00:00",18,1737
53,58811,887,"2021-05-07 00:00:00",50,1400
54,30408,87,"2021-06-25 00:00:00",9,167
55,63813,288,"2021-03-18 00:00:00",38,354
56,18867,340,"2021-07-23 00:00:00",31,1795
57,55679,343,"2021-06-10 00:00:00",22,1632
58,11749,291,"2021-09-12 00:00:00",23,1845
59,23149,168,"2021-07-24 00:00:00",8,929
60,82750,662,"2021-02-15 00:00:00",22,1663
61,26809,546,"2021-04-12 00:00:00",20,221
62,38283,225,"2021-11-09 00:00:00",35,1614
63,75325,327,"2021-11-06 00:00:00",13,804
64,86700,331,"2021-11-01 00:00:00",6,864
65,36381,284,"2021-09-29 00:00:00",29,1301
66,24259,260,"2021-04-04 00:00:00",32,1498
67,82389,206,"2021-05-10 00:00:00",25,1231
68,21110,353,"2021-06-09 00:00:00",11,1885
69,98401,955,"2021-06-19 00:00:00",30,328
70,22442,185,"2021-12-02 00:00:00",36,404
71,75894,717,"2021-09-25 00:00:00",11,746
72,20916,197,"2021-04-21 00:00:00",35,1813
73,40824,164,"2021-09-19 00:00:00",36,1998
74,59283,463,"2021-07-19 00:00:00",19,1804
75,27938,175,"2021-10-16 00:00:00",49,1486
76,91328,235,"2021-11-04 00:00:00",25,501
77,76584,478,"2021-07-27 00:00:00",31,894
78,59083,163,"2021-04-15 00:00:00",7,799
79,50001,277,"2021-10-14 00:00:00",8,839
80,29718,188,"2021-02-20 00:00:00",50,945
81,53532,270,"2021-04-26 00:00:00",5,136
82,92280,675,"2021-07-21 00:00:00",44,284
83,52727,149,"2021-12-25 00:00:00",19,631
84,47781,616,"2021-06-04 00:00:00",27,1515
85,76978,435,"2021-10-06 00:00:00",50,299
86,22795,314,"2021-10-28 00:00:00",45,831
87,25561,151,"2021-07-29 00:00:00",38,394
88,71898,480,"2021-07-26 00:00:00",3,932
89,15658,226,"2021-07-16 00:00:00",4,1011
90,97002,389,"2021-05-23 00:00:00",1,956
91,45265,319,"2021-04-09 00:00:00",2,1287
92,28238,509,"2021-06-29 00:00:00",35,1199
93,86131,194,"2021-03-30 00:00:00",24,378
94,53786,127,"2021-11-05 00:00:00",10,1659
95,29190,161,"2021-03-10 00:00:00",48,899
96,33470,442,"2021-06-13 00:00:00",6,1098
97,33074,620,"2021-11-28 00:00:00",50,1483
98,57954,282,"2021-12-18 00:00:00",3,1911
99,32372,564,"2021-08-06 00:00:00",16,726
100,39828,418,"2021-03-08 00:00:00",16,317
101,35538,355,"2021-08-31 00:00:00",21,917
102,57098,370,"2021-01-19 00:00:00",21,124
103,33413,639,"2021-11-14 00:00:00",12,640
104,95661,299,"2021-06-25 00:00:00",37,1741
105,34922,490,"2021-01-17 00:00:00",21,462
106,74194,470,"2021-05-06 00:00:00",28,527
107,93258,166,"2021-09-09 00:00:00",45,1174
108,13925,228,"2021-01-16 00:00:00",39,1914
109,24943,171,"2021-03-03 00:00:00",46,1333
110,24316,416,"2021-08-17 00:00:00",42,964
111,35814,380,"2021-12-27 00:00:00",37,925
112,47466,410,"2021-01-06 00:00:00",47,1657
113,35382,145,"2021-09-26 00:00:00",5,1074
114,68897,191,"2021-11-28 00:00:00",31,2026
115,63389,396,"2021-05-11 00:00:00",40,1040
116,27735,433,"2021-05-20 00:00:00",11,1624
117,57717,261,"2021-04-14 00:00:00",31,1454
118,97764,536,"2021-12-31 00:00:00",45,1766
119,49550,240,"2021-08-13 00:00:00",18,429
120,24158,280,"2021-09-30 00:00:00",11,1985
121,79334,389,"2021-04-19 00:00:00",49,204
122,21152,363,"2021-09-27 00:00:00",36,1633
123,47007,550,"2021-11-20 00:00:00",42,1901
124,61346,308,"2021-07-29 00:00:00",1,649
125,63218,269,"2021-09-29 00:00:00",2,1924
126,51244,185,"2021-08-21 00:00:00",5,724
127,78998,392,"2021-06-29 00:00:00",25,396
128,68797,425,"2021-11-28 00:00:00",19,1631
129,71659,292,"2021-03-22 00:00:00",31,705
130,86853,84,"2021-04-17 00:00:00",3,1350
131,33711,117,"2021-03-15 00:00:00",32,1173
132,46500,347,"2021-06-17 00:00:00",7,459
133,76701,209,"2021-12-29 00:00:00",36,659
134,63578,274,"2021-06-12 00:00:00",7,769
135,69226,473,"2021-03-25 00:00:00",15,1360
136,50412,163,"2021-09-13 00:00:00",37,1159
137,18068,267,"2021-05-21 00:00:00",43,954
138,33328,313,"2021-09-29 00:00:00",48,851
139,93410,71,"2021-01-21 00:00:00",14,1380
140,90703,310,"2021-10-28 00:00:00",46,1834
141,71142,772,"2021-09-02 00:00:00",29,1812
142,10381,374,"2021-07-06 00:00:00",18,220
143,47972,283,"2021-02-01 00:00:00",34,303
144,46436,149,"2021-06-01 00:00:00",16,993
145,66438,149,"2021-04-29 00:00:00",31,880
146,69756,185,"2021-06-22 00:00:00",48,1462
147,86828,282,"2021-09-14 00:00:00",32,1486
148,94815,379,"2021-11-30 00:00:00",21,173
149,76738,495,"2021-09-07 00:00:00",20,955
150,98985,378,"2021-07-30 00:00:00",50,1810
151,55015,367,"2021-10-25 00:00:00",18,1611
152,10631,273,"2021-06-01 00:00:00",41,1889
153,24604,362,"2021-09-11 00:00:00",28,1831
154,32842,394,"2021-07-19 00:00:00",49,273
155,74474,237,"2021-10-27 00:00:00",12,231
156,75059,314,"2021-11-26 00:00:00",27,1959
157,59324,435,"2021-09-27 00:00:00",22,1365
158,16837,193,"2021-03-14 00:00:00",26,1211
159,48992,458,"2021-06-23 00:00:00",15,1122
160,87171,242,"2021-01-14 00:00:00",30,1960
161,14467,618,"2021-05-12 00:00:00",21,655
162,53382,62,"2021-01-30 00:00:00",48,544
163,71563,512,"2021-01-31 00:00:00",26,179
164,26417,349,"2021-02-16 00:00:00",24,1477
165,87537,306,"2021-09-08 00:00:00",35,1500
166,83393,249,"2021-03-03 00:00:00",36,503
167,43510,71,"2021-10-16 00:00:00",14,838
168,13258,239,"2021-03-30 00:00:00",12,847
169,31426,172,"2021-08-16 00:00:00",13,226
170,72140,295,"2021-12-02 00:00:00",29,134
171,63342,286,"2021-11-10 00:00:00",37,849
172,66264,243,"2021-09-08 00:00:00",40,1873
173,20803,559,"2021-10-13 00:00:00",25,865
174,73402,153,"2021-05-11 00:00:00",1,456
175,28235,513,"2021-06-29 00:00:00",49,1124
176,22123,482,"2021-11-01 00:00:00",42,1008
177,64560,358,"2021-05-13 00:00:00",31,1121
178,48723,138,"2021-09-13 00:00:00",38,1048
179,89923,708,"2021-09-21 00:00:00",24,744
180,99664,594,"2021-06-28 00:00:00",32,403
181,44937,266,"2021-11-29 00:00:00",13,1953
182,31434,702,"2021-09-24 00:00:00",35,584
183,70988,532,"2021-07-29 00:00:00",1,489
184,39230,130,"2021-03-23 00:00:00",27,114
185,11221,504,"2021-06-10 00:00:00",33,860
186,74361,827,"2021-03-05 00:00:00",26,457
187,13877,616,"2021-11-24 00:00:00",40,783
188,31519,439,"2021-12-03 00:00:00",40,1352
189,25770,100,"2021-04-05 00:00:00",15,1160
190,62747,182,"2021-01-30 00:00:00",12,1264
191,87336,184,"2021-02-20 00:00:00",18,825
192,40960,350,"2021-02-25 00:00:00",44,894
193,32694,385,"2021-07-09 00:00:00",10,1742
194,90940,176,"2021-04-15 00:00:00",47,760
195,34105,779,"2021-08-02 00:00:00",25,800
196,16731,610,"2021-12-05 00:00:00",18,216
197,59624,112,"2021-06-23 00:00:00",42,1934
198,84787,321,"2021-12-23 00:00:00",22,1002
199,18261,429,"2021-07-28 00:00:00",21,1283
200,14840,601,"2021-02-05 00:00:00",33,938
201,27210,313,"2021-06-01 00:00:00",33,502
202,89711,580,"2021-08-12 00:00:00",29,662
203,57777,122,"2021-12-09 00:00:00",31,1308
204,34821,518,"2021-01-31 00:00:00",41,961
205,27767,581,"2021-08-25 00:00:00",31,819
206,17670,196,"2021-03-05 00:00:00",9,1781
207,23926,62,"2021-03-15 00:00:00",33,245
208,61183,90,"2021-10-15 00:00:00",8,898
209,89115,268,"2021-12-01 00:00:00",7,1650
210,69879,400,"2021-06-07 00:00:00",19,646
211,43110,533,"2021-02-07 00:00:00",42,1006
212,21376,292,"2021-11-16 00:00:00",1,291
213,46475,262,"2021-02-17 00:00:00",37,1321
214,63590,174,"2021-04-27 00:00:00",46,1335
215,80152,305,"2021-07-22 00:00:00",20,221
216,56156,228,"2021-03-02 00:00:00",14,1165
217,15667,486,"2021-09-19 00:00:00",2,1068
218,60662,271,"2021-08-19 00:00:00",15,438
219,56254,414,"2021-01-21 00:00:00",32,288
220,32920,480,"2021-07-19 00:00:00",29,1707
221,90913,611,"2021-09-01 00:00:00",33,940
222,54136,286,"2021-09-23 00:00:00",43,1483
223,35636,472,"2021-08-20 00:00:00",14,1067
224,97493,407,"2021-04-12 00:00:00",30,1823
225,71839,243,"2021-04-06 00:00:00",17,59
226,61221,449,"2021-04-17 00:00:00",47,1740
227,45861,457,"2021-04-07 00:00:00",49,1661
228,29476,689,"2021-09-10 00:00:00",22,391
229,87176,131,"2021-11-29 00:00:00",12,1666
230,13884,535,"2021-05-20 00:00:00",4,1005
231,43133,259,"2021-10-17 00:00:00",33,452
232,92681,226,"2021-10-06 00:00:00",21,403
233,34155,356,"2021-12-14 00:00:00",23,510
234,91633,178,"2021-05-14 00:00:00",7,1799
235,20785,539,"2021-09-05 00:00:00",2,1669
236,16726,446,"2021-12-21 00:00:00",4,1039
237,79701,160,"2021-06-27 00:00:00",40,70
238,15601,411,"2021-06-22 00:00:00",10,617
239,77384,413,"2021-03-11 00:00:00",34,1744
240,23323,501,"2021-07-30 00:00:00",40,688
241,43630,100,"2021-05-04 00:00:00",31,1781
242,15832,106,"2021-09-03 00:00:00",3,1496
243,26498,508,"2021-12-30 00:00:00",47,1455
244,41892,271,"2021-09-13 00:00:00",46,1933
245,12193,167,"2021-08-07 00:00:00",7,1101
246,80060,431,"2021-10-20 00:00:00",8,901
247,99524,425,"2021-05-21 00:00:00",20,1680
248,16137,427,"2021-03-10 00:00:00",2,689
249,77858,409,"2021-03-02 00:00:00",25,1662
250,39058,398,"2021-06-27 00:00:00",36,1366
251,57604,352,"2021-04-14 00:00:00",47,1375
252,51005,330,"2021-06-13 00:00:00",12,203
253,64954,495,"2021-10-30 00:00:00",29,1648
254,25308,523,"2021-11-07 00:00:00",50,1709
255,49964,592,"2021-07-16 00:00:00",28,1448
256,64176,154,"2021-04-10 00:00:00",14,1481
257,31351,264,"2021-05-26 00:00:00",3,261
258,16446,303,"2021-01-28 00:00:00",22,1831
259,52894,110,"2021-05-25 00:00:00",34,391
260,27634,442,"2021-12-19 00:00:00",49,1888
261,90754,649,"2021-05-25 00:00:00",15,1169
262,60295,235,"2021-04-24 00:00:00",15,1992
263,46028,345,"2021-09-16 00:00:00",39,676
264,47409,133,"2021-05-08 00:00:00",6,642
265,83585,362,"2021-05-27 00:00:00",21,1238
266,18778,459,"2021-04-03 00:00:00",49,1655
267,62256,348,"2021-05-19 00:00:00",15,1567
268,23166,506,"2021-04-18 00:00:00",6,342
269,92701,620,"2021-05-28 00:00:00",16,1070
270,16870,285,"2021-06-02 00:00:00",40,199
271,53960,375,"2021-01-21 00:00:00",43,1849
272,40698,594,"2021-01-12 00:00:00",12,1666
273,49134,234,"2021-05-03 00:00:00",5,566
274,91963,457,"2021-05-16 00:00:00",19,1551
275,79685,253,"2021-07-19 00:00:00",26,729
276,95425,177,"2021-05-29 00:00:00",43,1654
277,29853,469,"2021-11-17 00:00:00",23,314
278,21268,530,"2021-02-27 00:00:00",35,789
279,79682,261,"2021-04-08 00:00:00",22,1133
280,99789,140,"2021-02-10 00:00:00",25,1138
281,90269,74,"2021-12-02 00:00:00",28,1227
282,37762,376,"2021-06-26 00:00:00",44,873
283,10347,93,"2021-12-01 00:00:00",12,1009
284,49968,273,"2021-07-10 00:00:00",26,1301
285,90369,509,"2021-02-18 00:00:00",49,1105
286,15905,308,"2021-09-14 00:00:00",11,1264
287,27325,127,"2021-08-16 00:00:00",39,88
288,68553,226,"2021-08-09 00:00:00",5,254
289,86151,413,"2021-07-31 00:00:00",5,1596
290,17229,316,"2021-05-26 00:00:00",32,1674
291,87047,137,"2021-05-06 00:00:00",26,236
292,23656,759,"2021-11-28 00:00:00",25,842
293,10209,303,"2021-08-05 00:00:00",10,1722
294,84552,443,"2021-08-31 00:00:00",11,1794
295,82643,268,"2021-11-22 00:00:00",48,1789
296,12969,237,"2021-02-19 00:00:00",25,1473
297,53421,334,"2021-03-20 00:00:00",50,1837
298,15643,458,"2021-11-04 00:00:00",28,79
299,70692,396,"2021-12-11 00:00:00",50,620
300,17105,558,"2021-03-09 00:00:00",9,287
301,94980,624,"2021-01-25 00:00:00",36,1815
302,47210,353,"2021-09-07 00:00:00",25,1931
303,99775,516,"2021-01-10 00:00:00",21,835
304,69189,559,"2021-11-05 00:00:00",25,1640
305,93669,666,"2021-12-28 00:00:00",37,1947
306,90687,256,"2021-04-23 00:00:00",27,513
307,89085,282,"2021-09-18 00:00:00",50,620
308,65969,468,"2021-12-30 00:00:00",4,1842
309,53425,148,"2021-07-30 00:00:00",13,1803
310,87462,491,"2021-01-02 00:00:00",40,1070
311,71094,389,"2021-10-30 00:00:00",12,1559
312,92759,385,"2021-07-16 00:00:00",38,530
313,67809,421,"2021-07-28 00:00:00",14,1162
314,66004,274,"2021-12-18 00:00:00",4,1021
315,45538,545,"2021-08-13 00:00:00",36,227
316,18606,202,"2021-09-28 00:00:00",50,342
317,76510,600,"2021-08-12 00:00:00",1,350
318,90763,142,"2021-10-04 00:00:00",44,1647
319,15868,204,"2021-02-08 00:00:00",23,1072
320,29122,704,"2021-03-11 00:00:00",21,533
321,55038,91,"2021-08-05 00:00:00",43,1683
322,57660,325,"2021-10-24 00:00:00",36,1331
323,75624,277,"2021-10-06 00:00:00",43,1565
324,40139,577,"2021-08-29 00:00:00",25,846
325,92422,407,"2021-01-21 00:00:00",39,1634
326,35140,444,"2021-11-13 00:00:00",31,663
327,87951,596,"2021-10-16 00:00:00",13,283
328,33809,411,"2021-06-12 00:00:00",4,532
329,40715,184,"2021-05-17 00:00:00",13,886
330,67930,264,"2021-09-02 00:00:00",35,1736
331,60551,315,"2021-05-19 00:00:00",30,1980
332,30179,64,"2021-10-02 00:00:00",19,1314
333,66515,601,"2021-01-31 00:00:00",46,1628
334,24025,431,"2021-07-29 00:00:00",12,855
335,52003,426,"2021-12-09 00:00:00",45,176
336,33682,380,"2021-01-01 00:00:00",38,467
337,66178,379,"2021-08-05 00:00:00",25,859
338,60089,561,"2021-10-31 00:00:00",27,863
339,40325,440,"2021-08-01 00:00:00",34,801
340,38478,121,"2021-05-10 00:00:00",10,1867
341,40028,205,"2021-05-12 00:00:00",27,688
342,85179,346,"2021-05-13 00:00:00",41,1600
343,40927,417,"2021-08-19 00:00:00",29,225
344,26697,732,"2021-01-11 00:00:00",22,1459
345,34218,474,"2021-12-30 00:00:00",47,928
346,18385,396,"2021-11-02 00:00:00",19,914
347,90712,460,"2021-07-31 00:00:00",4,1167
348,71671,210,"2021-05-29 00:00:00",19,649
349,37770,194,"2021-01-03 00:00:00",19,579
350,41423,482,"2021-03-08 00:00:00",48,1353
351,25848,433,"2021-03-15 00:00:00",43,144
352,71632,248,"2021-02-27 00:00:00",35,1410
353,35542,796,"2021-12-20 00:00:00",21,89
354,97417,689,"2021-03-29 00:00:00",33,438
355,48048,220,"2021-03-31 00:00:00",45,1846
356,81553,593,"2021-08-11 00:00:00",8,1481
357,57504,466,"2021-08-27 00:00:00",34,1070
358,91259,246,"2021-07-05 00:00:00",10,948
359,41709,364,"2021-04-10 00:00:00",39,1149
360,95535,49,"2021-02-03 00:00:00",11,975
361,28761,202,"2021-03-12 00:00:00",14,1905
362,50378,220,"2021-12-12 00:00:00",34,1056
363,95178,675,"2021-04-23 00:00:00",25,427
364,42418,476,"2021-03-24 00:00:00",14,343
365,87894,194,"2021-03-23 00:00:00",5,1139
366,98412,540,"2021-10-17 00:00:00",8,196
367,24401,755,"2021-05-22 00:00:00",26,1198
368,44967,202,"2021-12-01 00:00:00",13,449
369,22260,305,"2021-04-13 00:00:00",12,1292
370,29391,505,"2021-01-08 00:00:00",27,1417
371,10041,288,"2021-08-09 00:00:00",41,1481
372,18740,115,"2021-04-25 00:00:00",37,1476
373,73696,261,"2021-06-13 00:00:00",33,1556
374,10193,299,"2021-02-18 00:00:00",6,1950
375,99042,359,"2021-01-29 00:00:00",17,1547
376,61708,503,"2021-08-25 00:00:00",46,119
377,74679,363,"2021-08-26 00:00:00",28,1725
378,33965,393,"2021-03-14 00:00:00",28,1198
379,72695,231,"2021-02-21 00:00:00",15,383
380,52628,261,"2021-09-29 00:00:00",44,1834
381,11928,792,"2021-08-20 00:00:00",47,947
382,99258,451,"2021-12-07 00:00:00",38,311
383,11335,276,"2021-05-13 00:00:00",2,485
384,57007,528,"2021-01-15 00:00:00",31,716
385,13639,310,"2021-11-09 00:00:00",1,1328
386,41413,158,"2021-05-29 00:00:00",50,1466
387,80893,422,"2021-11-04 00:00:00",44,173
388,52427,192,"2021-10-13 00:00:00",32,1903
389,34770,469,"2021-10-07 00:00:00",9,768
390,89593,468,"2021-01-02 00:00:00",19,1853
391,28323,211,"2021-03-10 00:00:00",18,1297
392,90603,554,"2021-09-19 00:00:00",10,1635
393,62819,510,"2021-02-19 00:00:00",21,1862
394,20205,149,"2021-04-29 00:00:00",46,1507
395,19438,225,"2021-06-02 00:00:00",11,573
396,99609,574,"2021-01-29 00:00:00",46,894
397,39423,409,"2021-02-07 00:00:00",30,1010
398,42046,548,"2021-02-13 00:00:00",24,228
399,31933,493,"2021-09-26 00:00:00",44,1187
400,20494,581,"2021-07-31 00:00:00",36,962
401,92741,127,"2021-10-27 00:00:00",45,1631
402,58351,409,"2021-07-25 00:00:00",16,1773
403,19371,548,"2021-02-17 00:00:00",22,1981
404,25338,406,"2021-07-12 00:00:00",40,1174
405,20717,854,"2021-11-06 00:00:00",48,886
406,46074,462,"2021-01-09 00:00:00",34,713
407,88219,91,"2021-10-30 00:00:00",5,1586
408,44389,246,"2021-01-11 00:00:00",19,621
409,31495,184,"2021-04-19 00:00:00",33,382
410,13329,482,"2021-03-14 00:00:00",21,758
411,21315,300,"2021-01-25 00:00:00",35,499
412,72692,328,"2021-09-09 00:00:00",5,577
413,64598,566,"2021-09-24 00:00:00",48,1569
414,21273,278,"2021-12-14 00:00:00",12,1819
415,82134,353,"2021-06-27 00:00:00",30,1688
416,88827,120,"2021-10-07 00:00:00",22,1300
417,33940,343,"2021-12-06 00:00:00",31,1661
418,96463,548,"2021-08-17 00:00:00",21,673
419,76199,163,"2021-06-03 00:00:00",33,822
420,78965,178,"2021-12-04 00:00:00",37,127
421,67600,144,"2021-08-13 00:00:00",28,247
422,23361,314,"2021-06-15 00:00:00",50,1484
423,55731,491,"2021-04-23 00:00:00",48,306
424,94951,297,"2021-12-21 00:00:00",2,943
425,55576,297,"2021-12-18 00:00:00",42,1187
426,98363,486,"2021-01-19 00:00:00",3,126
427,96401,818,"2021-12-11 00:00:00",9,1636
428,85260,484,"2021-02-24 00:00:00",30,1959
429,91597,183,"2021-07-02 00:00:00",43,346
430,97702,563,"2021-12-21 00:00:00",34,1817
431,16328,439,"2021-03-01 00:00:00",13,232
432,53852,288,"2021-06-26 00:00:00",34,1709
433,44146,638,"2021-12-11 00:00:00",25,2018
434,89536,543,"2021-11-19 00:00:00",49,136
435,75206,447,"2021-01-03 00:00:00",43,1415
436,38322,178,"2021-11-05 00:00:00",44,1405
437,25735,323,"2021-06-12 00:00:00",34,171
438,21875,176,"2021-11-16 00:00:00",21,849
439,92379,411,"2021-06-06 00:00:00",15,1288
440,27379,381,"2021-05-21 00:00:00",47,1717
441,57330,142,"2021-11-04 00:00:00",29,824
442,48443,391,"2021-10-15 00:00:00",40,536
443,86765,607,"2021-01-06 00:00:00",15,1033
444,58732,293,"2021-11-21 00:00:00",21,184
445,49046,330,"2021-07-13 00:00:00",19,2025
446,81800,497,"2021-04-01 00:00:00",27,1754
447,30630,196,"2021-09-12 00:00:00",27,1791
448,82422,280,"2021-07-07 00:00:00",6,574
449,77489,409,"2021-11-28 00:00:00",2,1984
450,78278,639,"2021-04-04 00:00:00",25,1164
451,25901,194,"2021-10-07 00:00:00",36,696
452,50591,431,"2021-04-11 00:00:00",44,1291
453,81658,419,"2021-06-06 00:00:00",42,885
454,99458,193,"2021-10-25 00:00:00",33,2002
455,18832,306,"2021-02-05 00:00:00",23,1520
456,44264,242,"2021-11-16 00:00:00",46,298
457,14224,101,"2021-11-15 00:00:00",13,251
458,88738,522,"2021-12-27 00:00:00",45,1474
459,53756,317,"2021-06-11 00:00:00",20,699
460,88276,209,"2021-09-03 00:00:00",3,199
461,92027,197,"2021-11-17 00:00:00",40,1607
462,26692,311,"2021-05-03 00:00:00",50,1340
463,34886,455,"2021-02-06 00:00:00",48,482
464,22040,304,"2021-01-31 00:00:00",35,1416
465,97073,248,"2021-01-21 00:00:00",6,1717
466,88948,847,"2021-06-18 00:00:00",21,1892
467,72344,206,"2021-02-03 00:00:00",7,352
468,98057,311,"2021-03-19 00:00:00",21,592
469,67208,675,"2021-01-04 00:00:00",31,1235
470,70565,419,"2021-05-12 00:00:00",48,276
471,87815,358,"2021-05-03 00:00:00",39,926
472,36430,152,"2021-05-13 00:00:00",43,1207
473,49707,235,"2021-05-13 00:00:00",47,1799
474,65417,460,"2021-08-30 00:00:00",12,316
475,57576,415,"2021-04-07 00:00:00",4,1622
476,49977,159,"2021-09-12 00:00:00",19,416
477,45882,240,"2021-08-08 00:00:00",25,1918
478,61819,284,"2021-09-14 00:00:00",3,185
479,84192,312,"2021-05-15 00:00:00",33,1236
480,88350,424,"2021-10-09 00:00:00",34,786
481,72410,105,"2021-04-08 00:00:00",28,602
482,29947,254,"2021-03-19 00:00:00",39,312
483,83180,768,"2021-06-12 00:00:00",48,1542
484,77620,119,"2021-07-09 00:00:00",49,539
485,91311,501,"2021-06-13 00:00:00",18,1217
486,50214,579,"2021-09-13 00:00:00",46,1718
487,86964,464,"2021-06-16 00:00:00",11,1360
488,37163,301,"2021-05-13 00:00:00",49,379
489,72761,297,"2021-04-11 00:00:00",16,1548
490,71621,110,"2021-08-18 00:00:00",17,1590
491,62118,225,"2021-06-16 00:00:00",11,949
492,68925,818,"2021-02-10 00:00:00",10,982
493,41527,244,"2021-11-08 00:00:00",20,643
494,49111,203,"2021-12-11 00:00:00",44,1320
495,54855,745,"2021-12-07 00:00:00",8,1401
496,22827,282,"2021-09-25 00:00:00",45,1339
497,75392,449,"2021-01-13 00:00:00",28,1241
498,26680,488,"2021-10-19 00:00:00",17,469
499,61337,261,"2021-03-03 00:00:00",35,1639
500,70449,392,"2021-05-23 00:00:00",29,1076
501,75822,282,"2021-09-07 00:00:00",23,1133
502,70673,620,"2021-03-19 00:00:00",23,1484
503,30242,225,"2021-07-25 00:00:00",8,766
504,71603,466,"2021-05-23 00:00:00",37,865
505,72867,313,"2021-08-08 00:00:00",7,1063
506,51052,97,"2021-09-27 00:00:00",30,1540
507,77602,284,"2021-04-16 00:00:00",15,1841
508,24196,397,"2021-01-22 00:00:00",10,1197
509,64714,272,"2021-01-22 00:00:00",7,456
510,26608,574,"2021-08-19 00:00:00",41,734
511,44051,469,"2021-02-11 00:00:00",17,1253
512,48490,191,"2021-10-26 00:00:00",31,1348
513,35276,148,"2021-12-26 00:00:00",4,1778
514,64632,354,"2021-01-31 00:00:00",16,1033
515,60575,773,"2021-05-09 00:00:00",49,1857
516,16137,325,"2021-02-14 00:00:00",24,367
517,68413,670,"2021-02-05 00:00:00",16,1297
518,88782,249,"2021-01-09 00:00:00",42,1662
519,89116,189,"2021-05-18 00:00:00",34,1602
520,62865,128,"2021-07-01 00:00:00",21,1686
521,72893,676,"2021-05-08 00:00:00",33,1919
522,82700,119,"2021-09-06 00:00:00",42,1057
523,43379,549,"2021-04-04 00:00:00",7,1440
524,43596,770,"2021-02-17 00:00:00",32,1558
525,97575,308,"2021-07-05 00:00:00",45,1517
526,71792,428,"2021-04-21 00:00:00",25,1634
527,57068,291,"2021-03-23 00:00:00",32,1376
528,58427,142,"2021-11-11 00:00:00",46,586
529,38646,264,"2021-11-18 00:00:00",8,1436
530,14449,150,"2021-11-25 00:00:00",40,515
531,30447,264,"2021-02-25 00:00:00",37,2017
532,77697,242,"2021-06-19 00:00:00",31,339
533,21736,147,"2021-02-20 00:00:00",7,1818
534,55071,168,"2021-03-24 00:00:00",24,328
535,61251,456,"2021-03-30 00:00:00",30,923
536,80020,419,"2021-10-18 00:00:00",6,1373
537,43804,87,"2021-11-19 00:00:00",39,851
538,64921,165,"2021-04-14 00:00:00",30,833
539,71747,678,"2021-10-26 00:00:00",31,1640
540,87842,389,"2021-07-30 00:00:00",9,165
541,60288,465,"2021-10-27 00:00:00",31,1516
542,22031,435,"2021-06-24 00:00:00",5,1923
543,88736,869,"2021-07-29 00:00:00",43,1517
544,49941,204,"2021-01-16 00:00:00",40,523
545,13971,481,"2021-11-26 00:00:00",31,1286
546,35200,396,"2021-08-06 00:00:00",50,1949
547,71181,564,"2021-03-28 00:00:00",37,359
548,65056,160,"2021-12-12 00:00:00",19,1516
549,56574,271,"2021-04-29 00:00:00",23,1094
550,66753,177,"2021-09-10 00:00:00",38,1463
551,17015,242,"2021-11-01 00:00:00",17,912
552,13075,316,"2021-10-17 00:00:00",42,666
553,36911,350,"2021-11-08 00:00:00",30,171
554,31747,303,"2021-08-21 00:00:00",32,1989
555,55535,123,"2021-04-06 00:00:00",23,1572
556,62487,410,"2021-07-30 00:00:00",37,571
557,69854,362,"2021-06-15 00:00:00",26,648
558,45148,228,"2021-11-09 00:00:00",31,971
559,19991,596,"2021-12-13 00:00:00",20,1608
560,96460,361,"2021-09-18 00:00:00",15,1889
561,12919,258,"2021-06-26 00:00:00",49,1371
562,11415,810,"2021-01-14 00:00:00",46,1944
563,91024,336,"2021-11-02 00:00:00",1,1434
564,51720,543,"2021-09-11 00:00:00",39,1629
565,45704,88,"2021-06-07 00:00:00",39,1104
566,88039,772,"2021-07-06 00:00:00",31,1696
567,35626,539,"2021-02-02 00:00:00",21,892
568,55656,330,"2021-06-27 00:00:00",2,1782
569,87344,117,"2021-01-25 00:00:00",28,1554
570,61643,242,"2021-02-22 00:00:00",19,233
571,85382,456,"2021-01-04 00:00:00",11,814
572,15000,97,"2021-02-10 00:00:00",19,799
573,96476,117,"2021-03-02 00:00:00",47,624
574,19012,489,"2021-10-11 00:00:00",26,1430
575,49057,84,"2021-11-15 00:00:00",8,1357
576,71037,610,"2021-09-09 00:00:00",27,1447
577,51852,112,"2021-02-17 00:00:00",15,1549
578,54176,214,"2021-02-04 00:00:00",48,913
579,73047,389,"2021-05-25 00:00:00",40,79
580,83885,167,"2021-09-27 00:00:00",19,1712
581,91232,297,"2021-12-11 00:00:00",20,1684
582,63160,308,"2021-07-10 00:00:00",39,1257
583,24671,105,"2021-01-19 00:00:00",12,715
584,96202,326,"2021-11-09 00:00:00",22,874
585,12041,418,"2021-12-05 00:00:00",1,1610
586,14585,538,"2021-04-20 00:00:00",13,224
587,72786,60,"2021-01-26 00:00:00",3,1093
588,32610,156,"2021-12-25 00:00:00",6,1644
589,36447,107,"2021-03-11 00:00:00",28,1723
590,80027,423,"2021-02-27 00:00:00",17,652
591,41453,367,"2021-06-16 00:00:00",42,1258
592,73045,413,"2021-06-19 00:00:00",29,584
593,10297,745,"2021-09-09 00:00:00",21,1813
594,92085,303,"2021-04-12 00:00:00",33,340
595,67568,424,"2021-08-20 00:00:00",43,1560
596,87735,554,"2021-05-26 00:00:00",25,1532
597,82289,545,"2021-08-04 00:00:00",9,1664
598,61830,268,"2021-05-26 00:00:00",21,808
599,96125,313,"2021-08-13 00:00:00",31,1627
600,29727,502,"2021-08-21 00:00:00",32,1370
601,35888,284,"2021-12-25 00:00:00",9,1183
602,28204,516,"2021-09-11 00:00:00",23,1359
603,35266,237,"2021-10-09 00:00:00",38,804
604,25452,235,"2021-06-20 00:00:00",1,1485
605,80677,291,"2021-08-21 00:00:00",7,1439
606,60580,352,"2021-12-02 00:00:00",1,1292
607,73387,633,"2021-03-01 00:00:00",44,879
608,93038,313,"2021-07-12 00:00:00",30,1590
609,74012,312,"2021-03-09 00:00:00",21,1817
610,82469,288,"2021-01-15 00:00:00",9,880
611,98108,563,"2021-11-05 00:00:00",50,1284
612,68798,367,"2021-05-04 00:00:00",22,724
613,89928,527,"2021-08-13 00:00:00",43,620
614,80083,419,"2021-04-26 00:00:00",37,124
615,51759,139,"2021-11-13 00:00:00",15,1071
616,21219,479,"2021-03-19 00:00:00",40,1419
617,69448,101,"2021-04-14 00:00:00",42,1485
618,98355,607,"2021-04-20 00:00:00",35,476
619,46665,666,"2021-03-15 00:00:00",1,1404
620,20923,324,"2021-03-13 00:00:00",37,1387
621,66284,510,"2021-10-07 00:00:00",30,1318
622,12968,374,"2021-04-25 00:00:00",36,1552
623,29949,161,"2021-08-07 00:00:00",46,1929
624,68423,950,"2021-05-04 00:00:00",43,1960
625,31870,281,"2021-01-03 00:00:00",48,1341
626,65156,240,"2021-11-01 00:00:00",26,1891
627,32080,380,"2021-04-12 00:00:00",35,834
628,97699,360,"2021-11-25 00:00:00",7,73
629,94533,689,"2021-01-24 00:00:00",27,1517
630,46594,272,"2021-12-20 00:00:00",50,654
631,38356,182,"2021-08-25 00:00:00",42,1769
632,11242,229,"2021-03-27 00:00:00",25,1115
633,48137,846,"2021-01-18 00:00:00",13,305
634,98938,691,"2021-11-26 00:00:00",10,1240
635,69213,330,"2021-08-01 00:00:00",10,1503
636,43628,204,"2021-05-26 00:00:00",14,1811
637,37595,161,"2021-05-04 00:00:00",27,1764
638,11691,252,"2021-03-11 00:00:00",29,1176
639,84577,358,"2021-07-08 00:00:00",32,1316
640,83860,302,"2021-01-02 00:00:00",21,1642
641,47087,247,"2021-12-20 00:00:00",42,1055
642,74055,398,"2021-03-01 00:00:00",43,331
643,41574,521,"2021-10-01 00:00:00",6,1792
644,99844,458,"2021-10-10 00:00:00",40,1943
645,51976,87,"2021-05-14 00:00:00",34,1763
646,53503,237,"2021-11-05 00:00:00",47,826
647,40479,679,"2021-07-15 00:00:00",16,1676
648,87668,422,"2021-05-31 00:00:00",33,1519
649,54564,475,"2021-06-27 00:00:00",10,1214
650,80532,189,"2021-03-17 00:00:00",35,1241
651,36244,466,"2021-09-10 00:00:00",25,1760
652,57035,344,"2021-01-02 00:00:00",47,1241
653,53998,289,"2021-11-19 00:00:00",40,1949
654,41821,168,"2021-09-18 00:00:00",10,576
655,48199,333,"2021-03-15 00:00:00",13,1301
656,95025,546,"2021-11-21 00:00:00",27,256
657,68679,354,"2021-03-11 00:00:00",11,1489
658,68876,512,"2021-06-02 00:00:00",7,1741
659,65881,215,"2021-07-25 00:00:00",11,1068
660,22425,258,"2021-07-21 00:00:00",43,787
661,21533,286,"2021-12-14 00:00:00",38,1102
662,56000,191,"2021-06-16 00:00:00",24,426
663,32434,292,"2021-10-19 00:00:00",49,1613
664,41304,187,"2021-10-25 00:00:00",27,1851
665,13259,260,"2021-01-28 00:00:00",40,1454
666,42282,452,"2021-09-24 00:00:00",22,848
667,97832,209,"2021-01-21 00:00:00",19,1498
668,25834,148,"2021-03-01 00:00:00",50,673
669,65512,440,"2021-09-15 00:00:00",36,467
670,60373,590,"2021-04-24 00:00:00",23,1756
671,91590,119,"2021-03-30 00:00:00",45,1381
672,80415,160,"2021-10-14 00:00:00",18,1293
673,94902,315,"2021-12-12 00:00:00",5,1210
674,96062,153,"2021-03-05 00:00:00",38,2023
675,63687,370,"2021-08-11 00:00:00",6,1226
676,10913,182,"2021-10-17 00:00:00",5,1995
677,81978,428,"2021-10-14 00:00:00",7,850
678,66506,132,"2021-12-17 00:00:00",2,945
679,33822,49,"2021-03-27 00:00:00",1,175
680,21675,117,"2021-11-06 00:00:00",5,1723
681,76440,433,"2021-02-22 00:00:00",22,855
682,88143,357,"2021-11-05 00:00:00",33,115
683,56124,352,"2021-04-22 00:00:00",22,380
684,30525,216,"2021-03-06 00:00:00",49,647
685,86003,169,"2021-02-15 00:00:00",10,1623
686,49455,702,"2021-02-05 00:00:00",4,1316
687,81619,67,"2021-01-23 00:00:00",33,1428
688,77409,498,"2021-12-22 00:00:00",33,1959
689,50156,68,"2021-09-06 00:00:00",22,449
690,39499,574,"2021-10-30 00:00:00",33,530
691,35922,889,"2021-07-19 00:00:00",30,80
692,83462,748,"2021-10-05 00:00:00",25,104
693,44650,357,"2021-07-14 00:00:00",30,1894
694,21975,721,"2021-03-29 00:00:00",26,102
695,18752,332,"2021-03-16 00:00:00",42,1625
696,70088,110,"2021-08-01 00:00:00",18,1254
697,34771,426,"2021-08-18 00:00:00",39,1809
698,33718,626,"2021-11-10 00:00:00",42,1469
699,60567,431,"2021-04-14 00:00:00",3,381
700,57742,792,"2021-06-25 00:00:00",30,1045
701,32700,299,"2021-02-17 00:00:00",16,794
702,51810,154,"2021-04-26 00:00:00",49,298
703,15764,251,"2021-01-13 00:00:00",44,57
704,65513,182,"2021-01-20 00:00:00",22,967
705,90543,647,"2021-04-28 00:00:00",17,1798
706,79569,275,"2021-09-29 00:00:00",8,187
707,46144,385,"2021-12-10 00:00:00",47,392
708,87773,149,"2021-10-27 00:00:00",28,1216
709,74568,431,"2021-05-08 00:00:00",2,305
710,48376,85,"2021-03-02 00:00:00",17,1178
711,55454,505,"2021-10-11 00:00:00",27,1270
712,87049,131,"2021-10-27 00:00:00",27,902
713,19444,509,"2021-07-31 00:00:00",29,329
714,52145,503,"2021-08-16 00:00:00",11,1086
715,40236,141,"2021-10-05 00:00:00",47,231
716,86564,464,"2021-09-29 00:00:00",44,493
717,28136,312,"2021-08-09 00:00:00",1,315
718,24970,270,"2021-12-18 00:00:00",2,432
719,69591,619,"2021-09-10 00:00:00",20,318
720,12930,277,"2021-12-08 00:00:00",19,1655
721,61707,254,"2021-03-20 00:00:00",44,1495
722,82364,152,"2021-10-02 00:00:00",6,1303
723,16674,666,"2021-09-23 00:00:00",35,314
724,41794,563,"2021-06-04 00:00:00",25,195
725,89279,200,"2021-10-04 00:00:00",38,2003
726,20870,576,"2021-10-14 00:00:00",24,83
727,41861,369,"2021-12-21 00:00:00",27,888
728,76764,590,"2021-01-02 00:00:00",6,215
729,56627,298,"2021-03-25 00:00:00",25,1107
730,56901,396,"2021-08-21 00:00:00",48,1199
731,42825,246,"2021-06-17 00:00:00",39,1579
732,81080,348,"2021-06-05 00:00:00",24,1325
733,99482,266,"2021-06-24 00:00:00",22,2029
734,48749,507,"2021-09-08 00:00:00",2,595
735,27797,253,"2021-03-21 00:00:00",31,538
736,10863,517,"2021-08-09 00:00:00",44,1561
737,56190,369,"2021-10-02 00:00:00",48,59
738,52415,312,"2021-12-15 00:00:00",21,1008
739,40848,376,"2021-12-31 00:00:00",27,2011
740,26283,172,"2021-09-06 00:00:00",39,1770
741,99746,279,"2021-02-04 00:00:00",26,138
742,59196,264,"2021-01-24 00:00:00",20,311
743,35404,572,"2021-05-28 00:00:00",26,600
744,57189,563,"2021-11-17 00:00:00",25,807
745,84795,268,"2021-01-10 00:00:00",22,1871
746,86412,113,"2021-02-04 00:00:00",8,2022
747,13355,167,"2021-07-09 00:00:00",2,989
748,21182,461,"2021-09-17 00:00:00",16,120
749,27780,282,"2021-02-11 00:00:00",46,1949
750,86306,591,"2021-01-15 00:00:00",36,1621
751,40849,228,"2021-11-10 00:00:00",16,911
752,61793,383,"2021-11-17 00:00:00",40,1972
753,98144,814,"2021-08-26 00:00:00",42,726
754,58211,260,"2021-02-06 00:00:00",45,1846
755,52152,513,"2021-07-23 00:00:00",4,1727
756,21556,332,"2021-07-14 00:00:00",16,2006
757,26091,620,"2021-10-05 00:00:00",20,1845
758,82885,429,"2021-01-28 00:00:00",50,300
759,32596,317,"2021-07-05 00:00:00",24,1007
760,48904,259,"2021-09-02 00:00:00",6,1228
761,50872,531,"2021-10-03 00:00:00",2,203
762,67167,146,"2021-07-26 00:00:00",3,1888
763,62824,431,"2021-03-07 00:00:00",46,1141
764,56011,87,"2021-11-29 00:00:00",21,1261
765,31109,420,"2021-03-18 00:00:00",34,1297
766,32371,205,"2021-03-26 00:00:00",8,274
767,38249,696,"2021-09-06 00:00:00",9,408
768,81659,278,"2021-05-23 00:00:00",19,2011
769,44516,149,"2021-11-21 00:00:00",15,1415
770,47860,356,"2021-12-20 00:00:00",29,1240
771,58633,506,"2021-11-13 00:00:00",16,58
772,81394,772,"2021-08-18 00:00:00",23,1204
773,51400,222,"2021-11-16 00:00:00",7,1152
774,99346,349,"2021-05-02 00:00:00",29,1636
775,49249,472,"2021-07-28 00:00:00",6,1399
776,13027,449,"2021-03-17 00:00:00",20,122
777,91914,245,"2021-07-06 00:00:00",36,796
778,86065,210,"2021-06-24 00:00:00",2,1664
779,57987,351,"2021-02-16 00:00:00",14,429
780,71357,81,"2021-11-07 00:00:00",25,1906
781,89424,182,"2021-11-30 00:00:00",33,1089
782,90377,255,"2021-08-16 00:00:00",44,813
783,44777,849,"2021-05-06 00:00:00",38,867
784,10790,205,"2021-08-30 00:00:00",50,556
785,78848,68,"2021-07-08 00:00:00",43,439
786,28557,205,"2021-12-29 00:00:00",25,1195
787,44076,222,"2021-10-22 00:00:00",14,648
788,92663,370,"2021-12-05 00:00:00",32,1940
789,27214,134,"2021-08-24 00:00:00",43,1066
790,53876,530,"2021-06-28 00:00:00",30,837
791,15119,345,"2021-08-23 00:00:00",31,259
792,80179,396,"2021-10-02 00:00:00",35,237
793,84161,239,"2021-02-05 00:00:00",23,77
794,37668,241,"2021-01-25 00:00:00",29,1718
795,84592,600,"2021-01-30 00:00:00",19,69
796,77874,886,"2021-05-05 00:00:00",29,1506
797,26626,472,"2021-10-04 00:00:00",44,735
798,53065,249,"2021-09-26 00:00:00",9,545
799,60021,413,"2021-10-21 00:00:00",41,491
800,57105,87,"2021-05-24 00:00:00",14,1720
801,29160,831,"2021-01-26 00:00:00",20,192
802,20747,89,"2021-02-09 00:00:00",10,1993
803,69242,464,"2021-02-23 00:00:00",40,1585
804,86831,832,"2021-12-29 00:00:00",20,1591
805,69759,333,"2021-02-13 00:00:00",2,69
806,41415,308,"2021-04-03 00:00:00",19,1005
807,51475,403,"2021-10-14 00:00:00",19,73
808,95549,514,"2021-05-05 00:00:00",12,896
809,37366,288,"2021-04-19 00:00:00",26,61
810,70434,519,"2021-07-31 00:00:00",6,954
811,35890,630,"2021-11-03 00:00:00",6,822
812,22520,436,"2021-05-05 00:00:00",27,568
813,66248,424,"2021-05-31 00:00:00",47,1467
814,76103,346,"2021-11-16 00:00:00",26,928
815,18526,129,"2021-11-30 00:00:00",21,1268
816,56682,468,"2021-05-20 00:00:00",26,78
817,23924,162,"2021-04-18 00:00:00",45,788
818,51222,448,"2021-05-01 00:00:00",50,543
819,34952,205,"2021-04-10 00:00:00",37,634
820,41850,271,"2021-11-10 00:00:00",4,2021
821,30482,336,"2021-06-20 00:00:00",1,803
822,92406,345,"2021-06-21 00:00:00",38,1468
823,81515,419,"2021-11-03 00:00:00",5,1351
824,63074,505,"2021-07-10 00:00:00",22,969
825,18438,257,"2021-11-20 00:00:00",24,1300
826,97724,440,"2021-12-05 00:00:00",4,761
827,75642,325,"2021-06-02 00:00:00",5,484
828,90338,306,"2021-06-06 00:00:00",5,561
829,29229,311,"2021-11-30 00:00:00",40,702
830,84110,191,"2021-11-14 00:00:00",5,93
831,43268,379,"2021-07-31 00:00:00",22,1817
832,13945,587,"2021-05-23 00:00:00",9,432
833,34782,429,"2021-10-21 00:00:00",38,496
834,45044,343,"2021-02-21 00:00:00",33,520
835,19880,260,"2021-01-12 00:00:00",50,266
836,48487,324,"2021-10-17 00:00:00",41,441
837,60292,564,"2021-09-15 00:00:00",26,1007
838,92412,509,"2021-10-24 00:00:00",31,1220
839,36576,267,"2021-09-17 00:00:00",24,1948
840,97203,546,"2021-05-18 00:00:00",39,1298
841,72845,363,"2021-12-12 00:00:00",37,1667
842,36491,198,"2021-12-14 00:00:00",37,158
843,94702,220,"2021-12-13 00:00:00",26,1531
844,24532,292,"2021-11-23 00:00:00",33,982
845,49753,249,"2021-12-25 00:00:00",46,1438
846,25450,310,"2021-02-05 00:00:00",39,365
847,60768,469,"2021-12-28 00:00:00",47,1540
848,91132,568,"2021-09-23 00:00:00",42,958
849,39666,602,"2021-12-22 00:00:00",38,1856
850,21967,219,"2021-05-18 00:00:00",35,1398
851,26650,475,"2021-12-12 00:00:00",23,1595
852,61883,235,"2021-03-27 00:00:00",31,1143
853,60435,480,"2021-09-27 00:00:00",19,1964
854,96652,422,"2021-10-02 00:00:00",24,184
855,66904,528,"2021-12-17 00:00:00",22,292
856,86704,762,"2021-01-23 00:00:00",50,1217
857,52757,366,"2021-06-03 00:00:00",29,1723
858,36751,425,"2021-09-22 00:00:00",7,162
859,37185,172,"2021-10-03 00:00:00",17,927
860,88016,431,"2021-10-16 00:00:00",48,1485
861,93960,400,"2021-09-03 00:00:00",22,1215
862,70627,107,"2021-08-24 00:00:00",9,1517
863,54699,545,"2021-10-19 00:00:00",41,2002
864,79515,312,"2021-12-29 00:00:00",34,1804
865,59310,501,"2021-03-28 00:00:00",36,359
866,69481,225,"2021-01-03 00:00:00",44,364
867,58644,334,"2021-10-18 00:00:00",42,1739
868,26298,344,"2021-10-01 00:00:00",44,1785
869,35399,719,"2021-12-04 00:00:00",33,1391
870,66142,355,"2021-04-01 00:00:00",40,226
871,90482,144,"2021-05-16 00:00:00",38,1390
872,36353,453,"2021-10-12 00:00:00",40,428
873,23445,161,"2021-06-13 00:00:00",47,1570
874,24569,291,"2021-11-14 00:00:00",48,1740
875,80631,518,"2021-12-10 00:00:00",43,1089
876,96924,732,"2021-12-12 00:00:00",24,1338
877,13989,197,"2021-01-10 00:00:00",24,235
878,80142,85,"2021-06-19 00:00:00",18,1832
879,63484,187,"2021-12-01 00:00:00",26,1059
880,37274,462,"2021-03-03 00:00:00",39,588
881,76561,354,"2021-11-30 00:00:00",22,1019
882,85742,436,"2021-09-12 00:00:00",22,638
883,27234,235,"2021-03-19 00:00:00",4,1426
884,86748,110,"2021-05-24 00:00:00",50,925
885,27660,840,"2021-12-05 00:00:00",48,1430
886,24027,92,"2021-08-07 00:00:00",9,579
887,29693,635,"2021-06-02 00:00:00",38,474
888,92371,621,"2021-09-05 00:00:00",22,874
889,28738,290,"2021-02-24 00:00:00",26,384
890,36230,259,"2021-01-21 00:00:00",17,1112
891,36975,266,"2021-08-09 00:00:00",19,1476
892,89484,433,"2021-05-24 00:00:00",27,883
893,70833,342,"2021-07-16 00:00:00",19,385
894,63945,447,"2021-11-08 00:00:00",8,909
895,40888,330,"2021-12-31 00:00:00",8,1751
896,55408,431,"2021-12-30 00:00:00",6,686
897,35330,370,"2021-07-20 00:00:00",49,1812
898,11305,114,"2021-02-22 00:00:00",30,730
899,19548,169,"2021-05-05 00:00:00",38,699
900,55036,147,"2021-01-28 00:00:00",37,1604
901,81349,196,"2021-11-29 00:00:00",6,1157
902,62608,295,"2021-02-01 00:00:00",28,145
903,85904,426,"2021-01-23 00:00:00",8,1181
904,49733,161,"2021-07-22 00:00:00",11,1030
905,90299,400,"2021-01-26 00:00:00",13,765
906,92795,399,"2021-01-12 00:00:00",4,1734
907,67050,519,"2021-10-25 00:00:00",20,2026
908,80683,165,"2021-06-05 00:00:00",44,1555
909,96369,587,"2021-11-17 00:00:00",12,1004
910,28981,407,"2021-10-12 00:00:00",43,582
911,19440,354,"2021-06-09 00:00:00",10,1813
912,58232,683,"2021-02-10 00:00:00",48,993
913,96066,656,"2021-01-06 00:00:00",47,1865
914,52823,103,"2021-04-27 00:00:00",5,1113
915,88089,739,"2021-02-09 00:00:00",19,1458
916,82677,117,"2021-07-08 00:00:00",5,580
917,25601,365,"2021-04-12 00:00:00",40,62
918,94528,244,"2021-02-05 00:00:00",49,978
919,79418,631,"2021-11-23 00:00:00",15,796
920,99581,585,"2021-07-15 00:00:00",41,1710
921,19427,367,"2021-01-06 00:00:00",4,396
922,79184,522,"2021-04-25 00:00:00",12,1341
923,57685,440,"2021-01-21 00:00:00",3,959
924,58311,733,"2021-06-26 00:00:00",31,1360
925,46842,330,"2021-10-13 00:00:00",33,1810
926,88952,277,"2021-09-08 00:00:00",13,156
927,54883,271,"2021-06-04 00:00:00",17,302
928,91013,703,"2021-05-29 00:00:00",20,998
929,63000,270,"2021-03-08 00:00:00",20,1685
930,57327,185,"2021-03-10 00:00:00",8,276
931,53866,594,"2021-03-16 00:00:00",40,428
932,93877,251,"2021-03-18 00:00:00",29,915
933,88380,204,"2021-07-31 00:00:00",26,455
934,52162,759,"2021-12-04 00:00:00",33,744
935,44225,160,"2021-08-06 00:00:00",35,555
936,67271,355,"2021-12-22 00:00:00",34,1608
937,33121,330,"2021-11-05 00:00:00",13,1755
938,77754,789,"2021-03-15 00:00:00",9,1756
939,91603,110,"2021-01-12 00:00:00",36,1432
940,46612,386,"2021-06-17 00:00:00",32,282
941,22428,304,"2021-01-26 00:00:00",31,1100
942,64761,775,"2021-12-22 00:00:00",36,1789
943,94452,351,"2021-11-10 00:00:00",3,1719
944,21853,229,"2021-04-07 00:00:00",17,1729
945,37257,212,"2021-12-17 00:00:00",20,1854
946,26498,593,"2021-08-26 00:00:00",21,1887
947,82750,146,"2021-02-10 00:00:00",31,1675
948,34511,538,"2021-05-31 00:00:00",46,1605
949,67360,694,"2021-06-20 00:00:00",24,917
950,45563,341,"2021-12-15 00:00:00",37,593
951,54503,342,"2021-02-10 00:00:00",41,1050
952,23827,65,"2021-05-21 00:00:00",17,132
953,93233,173,"2021-03-09 00:00:00",36,1578
954,64156,125,"2021-04-16 00:00:00",47,919
955,84508,635,"2021-04-19 00:00:00",20,1307
956,60740,394,"2021-12-22 00:00:00",40,1226
957,16983,251,"2021-04-29 00:00:00",24,110
958,81514,645,"2021-12-24 00:00:00",39,1267
959,81791,436,"2021-07-05 00:00:00",1,705
960,13211,492,"2021-05-24 00:00:00",50,772
961,89863,416,"2021-05-24 00:00:00",31,1549
962,14382,480,"2021-04-05 00:00:00",40,1537
963,32002,248,"2021-10-24 00:00:00",47,593
964,85224,523,"2021-06-04 00:00:00",23,1746
965,76620,314,"2021-10-07 00:00:00",7,1001
966,33970,391,"2021-08-19 00:00:00",4,408
967,25018,337,"2021-06-09 00:00:00",25,1146
968,84912,609,"2021-06-03 00:00:00",5,1226
969,41894,263,"2021-12-28 00:00:00",11,1278
970,44004,416,"2021-09-10 00:00:00",13,1711
971,40963,102,"2021-12-31 00:00:00",4,1625
972,78069,269,"2021-09-03 00:00:00",28,156
973,89061,216,"2021-07-14 00:00:00",3,1286
974,44162,440,"2021-03-07 00:00:00",12,681
975,32361,221,"2021-07-13 00:00:00",8,1902
976,79385,600,"2021-02-08 00:00:00",22,804
977,28131,691,"2021-12-15 00:00:00",21,654
978,75148,431,"2021-02-23 00:00:00",33,250
979,36871,617,"2021-06-24 00:00:00",11,1829
980,81293,184,"2021-12-19 00:00:00",36,1142
981,94579,139,"2021-02-18 00:00:00",42,1879
982,31818,399,"2021-01-13 00:00:00",11,756
983,41433,204,"2021-09-22 00:00:00",24,475
984,50799,495,"2021-06-04 00:00:00",46,1706
985,77197,172,"2021-08-08 00:00:00",2,666
986,74426,125,"2021-08-20 00:00:00",15,1675
987,48878,555,"2021-11-18 00:00:00",19,1679
988,38321,478,"2021-10-05 00:00:00",8,1892
989,99651,291,"2021-08-02 00:00:00",43,1998
990,20163,560,"2021-09-14 00:00:00",49,224
991,35762,613,"2021-10-11 00:00:00",8,1762
992,17577,114,"2021-07-06 00:00:00",46,431
993,77082,301,"2021-06-05 00:00:00",47,1627
994,89484,186,"2021-05-03 00:00:00",45,1718
995,43971,198,"2021-07-02 00:00:00",23,1894
996,24730,310,"2021-04-08 00:00:00",32,648
997,58478,766,"2021-04-22 00:00:00",47,246
998,80954,422,"2021-04-19 00:00:00",39,1845
999,93441,206,"2021-07-10 00:00:00",33,295
1000,19564,275,"2021-04-14 00:00:00",40,768
