Unit_ID,Unit_Name,Unit_Area,Prop_ID
1,101,1000,1
2,102,1000,1
3,103,1000,1
4,104,1000,1
5,105,1500,1
6,106,1500,1
7,107,1500,1
8,108,1500,1
9,201,1000,1
10,202,1000,1
11,203,1000,1
12,204,1000,1
13,205,1500,1
14,206,1500,1
15,207,1500,1
16,208,1500,1
17,301,1000,1
18,302,1000,1
19,303,1000,1
20,304,1000,1
21,305,1500,1
22,306,1500,1
23,307,1500,1
24,308,1500,1
25,401,1000,1
26,402,1000,1
27,403,1000,1
28,404,1000,1
29,405,1500,1
30,406,1500,1
31,407,1500,1
32,408,1500,1
33,501,1000,1
34,502,1000,1
35,503,1000,1
36,504,1000,1
37,505,1500,1
38,506,1500,1
39,507,1500,1
40,508,1500,1
41,Basement,10000,1
42,Parking,300,1
43,"Hallway 1st floor",100,1
44,"Hallway 2nd floor",100,1
45,"Hallway 3rd floor",100,1
46,"Hallway 4th floor",100,1
47,"Hallway 5th floor",100,1
48,Terrace,10000,1
49,101,1000,2
50,102,1000,2
51,103,1000,2
52,104,1000,2
53,105,1500,2
54,106,1500,2
55,107,1500,2
56,108,1500,2
57,201,1000,2
58,202,1000,2
59,203,1000,2
60,204,1000,2
61,205,1500,2
62,206,1500,2
63,207,1500,2
64,208,1500,2
65,301,1000,2
66,302,1000,2
67,303,1000,2
68,304,1000,2
69,305,1500,2
70,306,1500,2
71,307,1500,2
72,308,1500,2
73,401,1000,2
74,402,1000,2
75,403,1000,2
76,404,1000,2
77,405,1500,2
78,406,1500,2
79,407,1500,2
80,408,1500,2
81,501,1000,2
82,502,1000,2
83,503,1000,2
84,504,1000,2
85,505,1500,2
86,506,1500,2
87,507,1500,2
88,508,1500,2
89,Basement,10000,2
90,Parking,300,2
91,"Hallway 1st floor",100,2
92,"Hallway 2nd floor",100,2
93,"Hallway 3rd floor",100,2
94,"Hallway 4th floor",100,2
95,"Hallway 5th floor",100,2
96,Terrace,10000,2
97,101,1000,3
98,102,1000,3
99,103,1000,3
100,104,1000,3
101,105,1500,3
102,106,1500,3
103,107,1500,3
104,108,1500,3
105,201,1000,3
106,202,1000,3
107,203,1000,3
108,204,1000,3
109,205,1500,3
110,206,1500,3
111,207,1500,3
112,208,1500,3
113,301,1000,3
114,302,1000,3
115,303,1000,3
116,304,1000,3
117,305,1500,3
118,306,1500,3
119,307,1500,3
120,308,1500,3
121,401,1000,3
122,402,1000,3
123,403,1000,3
124,404,1000,3
125,405,1500,3
126,406,1500,3
127,407,1500,3
128,408,1500,3
129,501,1000,3
130,502,1000,3
131,503,1000,3
132,504,1000,3
133,505,1500,3
134,506,1500,3
135,507,1500,3
136,508,1500,3
137,Basement,10000,3
138,Parking,300,3
139,"Hallway 1st floor",100,3
140,"Hallway 2nd floor",100,3
141,"Hallway 3rd floor",100,3
142,"Hallway 4th floor",100,3
143,"Hallway 5th floor",100,3
144,Terrace,10000,3
145,101,1000,4
146,102,1000,4
147,103,1000,4
148,104,1000,4
149,105,1500,4
150,106,1500,4
151,107,1500,4
152,108,1500,4
153,201,1000,4
154,202,1000,4
155,203,1000,4
156,204,1000,4
157,205,1500,4
158,206,1500,4
159,207,1500,4
160,208,1500,4
161,301,1000,4
162,302,1000,4
163,303,1000,4
164,304,1000,4
165,305,1500,4
166,306,1500,4
167,307,1500,4
168,308,1500,4
169,401,1000,4
170,402,1000,4
171,403,1000,4
172,404,1000,4
173,405,1500,4
174,406,1500,4
175,407,1500,4
176,408,1500,4
177,501,1000,4
178,502,1000,4
179,503,1000,4
180,504,1000,4
181,505,1500,4
182,506,1500,4
183,507,1500,4
184,508,1500,4
185,Basement,10000,4
186,Parking,300,4
187,"Hallway 1st floor",100,4
188,"Hallway 2nd floor",100,4
189,"Hallway 3rd floor",100,4
190,"Hallway 4th floor",100,4
191,"Hallway 5th floor",100,4
192,Terrace,10000,4
193,101,1000,5
194,102,1000,5
195,103,1000,5
196,104,1000,5
197,105,1500,5
198,106,1500,5
199,107,1500,5
200,108,1500,5
201,201,1000,5
202,202,1000,5
203,203,1000,5
204,204,1000,5
205,205,1500,5
206,206,1500,5
207,207,1500,5
208,208,1500,5
209,301,1000,5
210,302,1000,5
211,303,1000,5
212,304,1000,5
213,305,1500,5
214,306,1500,5
215,307,1500,5
216,308,1500,5
217,401,1000,5
218,402,1000,5
219,403,1000,5
220,404,1000,5
221,405,1500,5
222,406,1500,5
223,407,1500,5
224,408,1500,5
225,501,1000,5
226,502,1000,5
227,503,1000,5
228,504,1000,5
229,505,1500,5
230,506,1500,5
231,507,1500,5
232,508,1500,5
233,Basement,10000,5
234,Parking,300,5
235,"Hallway 1st floor",100,5
236,"Hallway 2nd floor",100,5
237,"Hallway 3rd floor",100,5
238,"Hallway 4th floor",100,5
239,"Hallway 5th floor",100,5
240,Terrace,10000,5
241,101,1250,6
242,102,1250,6
243,201,1250,6
244,202,1250,6
245,301,1250,6
246,302,1250,6
247,401,1250,6
248,402,1250,6
249,501,1250,6
250,502,1250,6
251,601,1250,6
252,602,1000,6
253,701,1000,6
254,702,1000,6
255,801,1000,6
256,802,1000,6
257,901,1000,6
258,902,1000,6
259,1001,1000,6
260,1002,1000,6
261,Basement,2500,6
262,Parking,500,6
263,"Hallway 1st floor",150,6
264,"Hallway 2nd floor",150,6
265,"Hallway 3rd floor",150,6
266,"Hallway 4th floor",150,6
267,"Hallway 5th floor",150,6
268,"Hallway 6th floor",150,6
269,"Hallway 7th floor",150,6
270,"Hallway 8th floor",150,6
271,"Hallway 9th floor",150,6
272,"Hallway 10th floor",150,6
273,Terrace,2000,6
274,101,1250,7
275,102,1250,7
276,201,1250,7
277,202,1250,7
278,301,1250,7
279,302,1250,7
280,401,1250,7
281,402,1250,7
282,501,1250,7
283,502,1250,7
284,601,1250,7
285,602,1000,7
286,701,1000,7
287,702,1000,7
288,801,1000,7
289,802,1000,7
290,901,1000,7
291,902,1000,7
292,1001,1000,7
293,1002,1000,7
294,Basement,2500,7
295,Parking,500,7
296,"Hallway 1st floor",150,7
297,"Hallway 2nd floor",150,7
298,"Hallway 3rd floor",150,7
299,"Hallway 4th floor",150,7
300,"Hallway 5th floor",150,7
301,"Hallway 6th floor",150,7
302,"Hallway 7th floor",150,7
303,"Hallway 8th floor",150,7
304,"Hallway 9th floor",150,7
305,"Hallway 10th floor",150,7
306,Terrace,2000,7
307,101,1250,8
308,102,1250,8
309,201,1250,8
310,202,1250,8
311,301,1250,8
312,302,1250,8
313,401,1250,8
314,402,1250,8
315,501,1250,8
316,502,1250,8
317,601,1250,8
318,602,1000,8
319,701,1000,8
320,702,1000,8
321,801,1000,8
322,802,1000,8
323,901,1000,8
324,902,1000,8
325,1001,1000,8
326,1002,1000,8
327,Basement,2500,8
328,Parking,500,8
329,"Hallway 1st floor",150,8
330,"Hallway 2nd floor",150,8
331,"Hallway 3rd floor",150,8
332,"Hallway 4th floor",150,8
333,"Hallway 5th floor",150,8
334,"Hallway 6th floor",150,8
335,"Hallway 7th floor",150,8
336,"Hallway 8th floor",150,8
337,"Hallway 9th floor",150,8
338,"Hallway 10th floor",150,8
339,Terrace,2000,8
340,101,1250,9
341,102,1250,9
342,201,1250,9
343,202,1250,9
344,301,1250,9
345,302,1250,9
346,401,1250,9
347,402,1250,9
348,501,1250,9
349,502,1250,9
350,601,1250,9
351,602,1000,9
352,701,1000,9
353,702,1000,9
354,801,1000,9
355,802,1000,9
356,901,1000,9
357,902,1000,9
358,1001,1000,9
359,1002,1000,9
360,Basement,2500,9
361,Parking,500,9
362,"Hallway 1st floor",150,9
363,"Hallway 2nd floor",150,9
364,"Hallway 3rd floor",150,9
365,"Hallway 4th floor",150,9
366,"Hallway 5th floor",150,9
367,"Hallway 6th floor",150,9
368,"Hallway 7th floor",150,9
369,"Hallway 8th floor",150,9
370,"Hallway 9th floor",150,9
371,"Hallway 10th floor",150,9
372,Terrace,2000,9
373,101,1250,10
374,102,1250,10
375,201,1250,10
376,202,1250,10
377,301,1250,10
378,302,1250,10
379,401,1250,10
380,402,1250,10
381,501,1250,10
382,502,1250,10
383,601,1250,10
384,602,1000,10
385,701,1000,10
386,702,1000,10
387,801,1000,10
388,802,1000,10
389,901,1000,10
390,902,1000,10
391,1001,1000,10
392,1002,1000,10
393,Basement,2500,10
394,Parking,500,10
395,"Hallway 1st floor",150,10
396,"Hallway 2nd floor",150,10
397,"Hallway 3rd floor",150,10
398,"Hallway 4th floor",150,10
399,"Hallway 5th floor",150,10
400,"Hallway 6th floor",150,10
401,"Hallway 7th floor",150,10
402,"Hallway 8th floor",150,10
403,"Hallway 9th floor",150,10
404,"Hallway 10th floor",150,10
405,Terrace,2000,10
406,101,1250,11
407,102,1250,11
408,201,1250,11
409,202,1250,11
410,301,1250,11
411,302,1250,11
412,401,1250,11
413,402,1250,11
414,501,1250,11
415,502,1250,11
416,601,1250,11
417,602,1000,11
418,701,1000,11
419,702,1000,11
420,801,1000,11
421,802,1000,11
422,901,1000,11
423,902,1000,11
424,1001,1000,11
425,1002,1000,11
426,Basement,2500,11
427,Parking,500,11
428,"Hallway 1st floor",150,11
429,"Hallway 2nd floor",150,11
430,"Hallway 3rd floor",150,11
431,"Hallway 4th floor",150,11
432,"Hallway 5th floor",150,11
433,"Hallway 6th floor",150,11
434,"Hallway 7th floor",150,11
435,"Hallway 8th floor",150,11
436,"Hallway 9th floor",150,11
437,"Hallway 10th floor",150,11
438,Terrace,2000,11
439,101,1250,12
440,102,1250,12
441,201,1250,12
442,202,1250,12
443,301,1250,12
444,302,1250,12
445,401,1250,12
446,402,1250,12
447,501,1250,12
448,502,1250,12
449,601,1250,12
450,602,1000,12
451,701,1000,12
452,702,1000,12
453,801,1000,12
454,802,1000,12
455,901,1000,12
456,902,1000,12
457,1001,1000,12
458,1002,1000,12
459,Basement,2500,12
460,Parking,500,12
461,"Hallway 1st floor",150,12
462,"Hallway 2nd floor",150,12
463,"Hallway 3rd floor",150,12
464,"Hallway 4th floor",150,12
465,"Hallway 5th floor",150,12
466,"Hallway 6th floor",150,12
467,"Hallway 7th floor",150,12
468,"Hallway 8th floor",150,12
469,"Hallway 9th floor",150,12
470,"Hallway 10th floor",150,12
471,Terrace,2000,12
472,101,1250,13
473,102,1250,13
474,201,1250,13
475,202,1250,13
476,301,1250,13
477,302,1250,13
478,401,1250,13
479,402,1250,13
480,501,1250,13
481,502,1250,13
482,601,1250,13
483,602,1000,13
484,701,1000,13
485,702,1000,13
486,801,1000,13
487,802,1000,13
488,901,1000,13
489,902,1000,13
490,1001,1000,13
491,1002,1000,13
492,Basement,2500,13
493,Parking,500,13
494,"Hallway 1st floor",150,13
495,"Hallway 2nd floor",150,13
496,"Hallway 3rd floor",150,13
497,"Hallway 4th floor",150,13
498,"Hallway 5th floor",150,13
499,"Hallway 6th floor",150,13
500,"Hallway 7th floor",150,13
501,"Hallway 8th floor",150,13
502,"Hallway 9th floor",150,13
503,"Hallway 10th floor",150,13
504,Terrace,2000,13
505,101,1250,14
506,102,1250,14
507,201,1250,14
508,202,1250,14
509,301,1250,14
510,302,1250,14
511,401,1250,14
512,402,1250,14
513,501,1250,14
514,502,1250,14
515,601,1250,14
516,602,1000,14
517,701,1000,14
518,702,1000,14
519,801,1000,14
520,802,1000,14
521,901,1000,14
522,902,1000,14
523,1001,1000,14
524,1002,1000,14
525,Basement,2500,14
526,Parking,500,14
527,"Hallway 1st floor",150,14
528,"Hallway 2nd floor",150,14
529,"Hallway 3rd floor",150,14
530,"Hallway 4th floor",150,14
531,"Hallway 5th floor",150,14
532,"Hallway 6th floor",150,14
533,"Hallway 7th floor",150,14
534,"Hallway 8th floor",150,14
535,"Hallway 9th floor",150,14
536,"Hallway 10th floor",150,14
537,Terrace,2000,14
538,101,1250,15
539,102,1250,15
540,201,1250,15
541,202,1250,15
542,301,1250,15
543,302,1250,15
544,401,1250,15
545,402,1250,15
546,501,1250,15
547,502,1250,15
548,601,1250,15
549,602,1000,15
550,701,1000,15
551,702,1000,15
552,801,1000,15
553,802,1000,15
554,901,1000,15
555,902,1000,15
556,1001,1000,15
557,1002,1000,15
558,Basement,2500,15
559,Parking,500,15
560,"Hallway 1st floor",150,15
561,"Hallway 2nd floor",150,15
562,"Hallway 3rd floor",150,15
563,"Hallway 4th floor",150,15
564,"Hallway 5th floor",150,15
565,"Hallway 6th floor",150,15
566,"Hallway 7th floor",150,15
567,"Hallway 8th floor",150,15
568,"Hallway 9th floor",150,15
569,"Hallway 10th floor",150,15
570,Terrace,2000,15
571,101,1200,16
572,102,1200,16
573,103,1200,16
574,104,1200,16
575,105,1500,16
576,106,1500,16
577,107,1500,16
578,108,1500,16
579,201,1200,16
580,202,1200,16
581,203,1200,16
582,204,1200,16
583,205,1500,16
584,206,1500,16
585,207,1500,16
586,208,1500,16
587,301,1200,16
588,302,1200,16
589,303,1200,16
590,304,1200,16
591,305,1500,16
592,306,1500,16
593,307,1500,16
594,308,1500,16
595,401,1200,16
596,402,1200,16
597,403,1200,16
598,404,1200,16
599,405,1500,16
600,406,1500,16
601,407,1500,16
602,408,1500,16
603,501,1200,16
604,502,1200,16
605,503,1200,16
606,504,1200,16
607,505,1500,16
608,506,1500,16
609,507,1500,16
610,508,1500,16
611,Basement,10800,16
612,Parking,500,16
613,"Hallway 1st floor",100,16
614,"Hallway 2nd floor",100,16
615,"Hallway 3rd floor",100,16
616,"Hallway 4th floor",100,16
617,"Hallway 5th floor",100,16
618,Terrace,10800,16
619,101,1200,17
620,102,1200,17
621,103,1200,17
622,104,1200,17
623,105,1500,17
624,106,1500,17
625,107,1500,17
626,108,1500,17
627,201,1200,17
628,202,1200,17
629,203,1200,17
630,204,1200,17
631,205,1500,17
632,206,1500,17
633,207,1500,17
634,208,1500,17
635,301,1200,17
636,302,1200,17
637,303,1200,17
638,304,1200,17
639,305,1500,17
640,306,1500,17
641,307,1500,17
642,308,1500,17
643,401,1200,17
644,402,1200,17
645,403,1200,17
646,404,1200,17
647,405,1500,17
648,406,1500,17
649,407,1500,17
650,408,1500,17
651,501,1200,17
652,502,1200,17
653,503,1200,17
654,504,1200,17
655,505,1500,17
656,506,1500,17
657,507,1500,17
658,508,1500,17
659,Basement,10800,17
660,Parking,500,17
661,"Hallway 1st floor",100,17
662,"Hallway 2nd floor",100,17
663,"Hallway 3rd floor",100,17
664,"Hallway 4th floor",100,17
665,"Hallway 5th floor",100,17
666,Terrace,10800,17
667,101,1250,18
668,102,1250,18
669,201,1250,18
670,202,1250,18
671,301,1250,18
672,302,1250,18
673,401,1250,18
674,402,1250,18
675,501,1250,18
676,502,1250,18
677,601,1150,18
678,602,1150,18
679,701,1150,18
680,702,1150,18
681,801,1150,18
682,802,1150,18
683,901,1150,18
684,902,1150,18
685,1001,1150,18
686,1002,1150,18
687,Basement,2500,18
688,Parking,400,18
689,"Hallway 1st floor",100,18
690,"Hallway 2nd floor",100,18
691,"Hallway 3rd floor",100,18
692,"Hallway 4th floor",100,18
693,"Hallway 5th floor",100,18
694,"Hallway 6th floor",100,18
695,"Hallway 7th floor",100,18
696,"Hallway 8th floor",100,18
697,"Hallway 9th floor",100,18
698,"Hallway 10th floor",100,18
699,Terrace,2300,18
700,101,1250,19
701,102,1250,19
702,201,1250,19
703,202,1250,19
704,301,1250,19
705,302,1250,19
706,401,1250,19
707,402,1250,19
708,501,1250,19
709,502,1250,19
710,601,1250,19
711,602,1150,19
712,701,1150,19
713,702,1150,19
714,801,1150,19
715,802,1150,19
716,901,1150,19
717,902,1150,19
718,1001,1150,19
719,1002,1150,19
720,Basement,2500,19
721,Parking,400,19
722,"Hallway 1st floor",100,19
723,"Hallway 2nd floor",100,19
724,"Hallway 3rd floor",100,19
725,"Hallway 4th floor",100,19
726,"Hallway 5th floor",100,19
727,"Hallway 6th floor",100,19
728,"Hallway 7th floor",100,19
729,"Hallway 8th floor",100,19
730,"Hallway 9th floor",100,19
731,"Hallway 10th floor",100,19
732,Terrace,2300,19
733,101,1250,20
734,102,1250,20
735,201,1250,20
736,202,1250,20
737,301,1250,20
738,302,1250,20
739,401,1250,20
740,402,1250,20
741,501,1250,20
742,502,1250,20
743,601,1250,20
744,602,1150,20
745,701,1150,20
746,702,1150,20
747,801,1150,20
748,802,1150,20
749,901,1150,20
750,902,1150,20
751,1001,1150,20
752,1002,1150,20
753,Basement,2500,20
754,Parking,400,20
755,"Hallway 1st floor",100,20
756,"Hallway 2nd floor",100,20
757,"Hallway 3rd floor",100,20
758,"Hallway 4th floor",100,20
759,"Hallway 5th floor",100,20
760,"Hallway 6th floor",100,20
761,"Hallway 7th floor",100,20
762,"Hallway 8th floor",100,20
763,"Hallway 9th floor",100,20
764,"Hallway 10th floor",100,20
765,Terrace,2300,20
766,101,1300,21
767,102,1300,21
768,201,1300,21
769,202,1300,21
770,301,1300,21
771,302,1300,21
772,401,1300,21
773,402,1300,21
774,501,1300,21
775,502,1300,21
776,601,1300,21
777,602,1150,21
778,701,1150,21
779,702,1150,21
780,801,1150,21
781,802,1150,21
782,901,1150,21
783,902,1150,21
784,1001,1150,21
785,1002,1150,21
786,Basement,2600,21
787,Parking,500,21
788,"Hallway 1st floor",120,21
789,"Hallway 2nd floor",120,21
790,"Hallway 3rd floor",120,21
791,"Hallway 4th floor",120,21
792,"Hallway 5th floor",120,21
793,"Hallway 6th floor",120,21
794,"Hallway 7th floor",120,21
795,"Hallway 8th floor",120,21
796,"Hallway 9th floor",120,21
797,"Hallway 10th floor",120,21
798,Terrace,2300,21
799,101,1300,22
800,102,1300,22
801,201,1300,22
802,202,1300,22
803,301,1300,22
804,302,1300,22
805,401,1300,22
806,402,1300,22
807,501,1300,22
808,502,1300,22
809,601,1300,22
810,602,1150,22
811,701,1150,22
812,702,1150,22
813,801,1150,22
814,802,1150,22
815,901,1150,22
816,902,1150,22
817,1001,1150,22
818,1002,1150,22
819,Basement,2600,22
820,Parking,500,22
821,"Hallway 1st floor",120,22
822,"Hallway 2nd floor",120,22
823,"Hallway 3rd floor",120,22
824,"Hallway 4th floor",120,22
825,"Hallway 5th floor",120,22
826,"Hallway 6th floor",120,22
827,"Hallway 7th floor",120,22
828,"Hallway 8th floor",120,22
829,"Hallway 9th floor",120,22
830,"Hallway 10th floor",120,22
831,Terrace,2300,22
832,101,1300,23
833,102,1300,23
834,201,1300,23
835,202,1300,23
836,301,1300,23
837,302,1300,23
838,401,1300,23
839,402,1300,23
840,501,1300,23
841,502,1300,23
842,601,1300,23
843,602,1150,23
844,701,1150,23
845,702,1150,23
846,801,1150,23
847,802,1150,23
848,901,1150,23
849,902,1150,23
850,1001,1150,23
851,1002,1150,23
852,Basement,2600,23
853,Parking,500,23
854,"Hallway 1st floor",120,23
855,"Hallway 2nd floor",120,23
856,"Hallway 3rd floor",120,23
857,"Hallway 4th floor",120,23
858,"Hallway 5th floor",120,23
859,"Hallway 6th floor",120,23
860,"Hallway 7th floor",120,23
861,"Hallway 8th floor",120,23
862,"Hallway 9th floor",120,23
863,"Hallway 10th floor",120,23
864,Terrace,2300,23
865,101,1300,24
866,102,1300,24
867,201,1300,24
868,202,1300,24
869,301,1300,24
870,302,1300,24
871,401,1300,24
872,402,1300,24
873,501,1300,24
874,502,1300,24
875,601,1300,24
876,602,1150,24
877,701,1150,24
878,702,1150,24
879,801,1150,24
880,802,1150,24
881,901,1150,24
882,902,1150,24
883,1001,1150,24
884,1002,1150,24
885,Basement,2600,24
886,Parking,500,24
887,"Hallway 1st floor",120,24
888,"Hallway 2nd floor",120,24
889,"Hallway 3rd floor",120,24
890,"Hallway 4th floor",120,24
891,"Hallway 5th floor",120,24
892,"Hallway 6th floor",120,24
893,"Hallway 7th floor",120,24
894,"Hallway 8th floor",120,24
895,"Hallway 9th floor",120,24
896,"Hallway 10th floor",120,24
897,Terrace,2300,24
898,101,1300,25
899,102,1300,25
900,201,1300,25
901,202,1300,25
902,301,1300,25
903,302,1300,25
904,401,1300,25
905,402,1300,25
906,501,1300,25
907,502,1300,25
908,601,1300,25
909,602,1150,25
910,701,1150,25
911,702,1150,25
912,801,1150,25
913,802,1150,25
914,901,1150,25
915,902,1150,25
916,1001,1150,25
917,1002,1150,25
918,Basement,2600,25
919,Parking,500,25
920,"Hallway 1st floor",120,25
921,"Hallway 2nd floor",120,25
922,"Hallway 3rd floor",120,25
923,"Hallway 4th floor",120,25
924,"Hallway 5th floor",120,25
925,"Hallway 6th floor",120,25
926,"Hallway 7th floor",120,25
927,"Hallway 8th floor",120,25
928,"Hallway 9th floor",120,25
929,"Hallway 10th floor",120,25
930,Terrace,2300,25
931,101,1300,26
932,102,1300,26
933,201,1300,26
934,202,1300,26
935,301,1300,26
936,302,1300,26
937,401,1300,26
938,402,1300,26
939,501,1300,26
940,502,1300,26
941,601,1300,26
942,602,1150,26
943,701,1150,26
944,702,1150,26
945,801,1150,26
946,802,1150,26
947,901,1150,26
948,902,1150,26
949,1001,1150,26
950,1002,1150,26
951,Basement,2600,26
952,Parking,500,26
953,"Hallway 1st floor",120,26
954,"Hallway 2nd floor",120,26
955,"Hallway 3rd floor",120,26
956,"Hallway 4th floor",120,26
957,"Hallway 5th floor",120,26
958,"Hallway 6th floor",120,26
959,"Hallway 7th floor",120,26
960,"Hallway 8th floor",120,26
961,"Hallway 9th floor",120,26
962,"Hallway 10th floor",120,26
963,Terrace,2300,26
964,101,1300,27
965,102,1300,27
966,201,1300,27
967,202,1300,27
968,301,1300,27
969,302,1300,27
970,401,1300,27
971,402,1300,27
972,501,1300,27
973,502,1300,27
974,601,1300,27
975,602,1150,27
976,701,1150,27
977,702,1150,27
978,801,1150,27
979,802,1150,27
980,901,1150,27
981,902,1150,27
982,1001,1150,27
983,1002,1150,27
984,Basement,2600,27
985,Parking,500,27
986,"Hallway 1st floor",120,27
987,"Hallway 2nd floor",120,27
988,"Hallway 3rd floor",120,27
989,"Hallway 4th floor",120,27
990,"Hallway 5th floor",120,27
991,"Hallway 6th floor",120,27
992,"Hallway 7th floor",120,27
993,"Hallway 8th floor",120,27
994,"Hallway 9th floor",120,27
995,"Hallway 10th floor",120,27
996,Terrace,2300,27
997,101,1300,28
998,102,1300,28
999,201,1300,28
1000,202,1300,28
1001,301,1300,28
1002,302,1300,28
1003,401,1300,28
1004,402,1300,28
1005,501,1300,28
1006,502,1300,28
1007,601,1300,28
1008,602,1150,28
1009,701,1150,28
1010,702,1150,28
1011,801,1150,28
1012,802,1150,28
1013,901,1150,28
1014,902,1150,28
1015,1001,1150,28
1016,1002,1150,28
1017,Basement,2600,28
1018,Parking,500,28
1019,"Hallway 1st floor",120,28
1020,"Hallway 2nd floor",120,28
1021,"Hallway 3rd floor",120,28
1022,"Hallway 4th floor",120,28
1023,"Hallway 5th floor",120,28
1024,"Hallway 6th floor",120,28
1025,"Hallway 7th floor",120,28
1026,"Hallway 8th floor",120,28
1027,"Hallway 9th floor",120,28
1028,"Hallway 10th floor",120,28
1029,Terrace,2300,28
1030,101,1300,29
1031,102,1300,29
1032,201,1300,29
1033,202,1300,29
1034,301,1300,29
1035,302,1300,29
1036,401,1300,29
1037,402,1300,29
1038,501,1300,29
1039,502,1300,29
1040,601,1300,29
1041,602,1150,29
1042,701,1150,29
1043,702,1150,29
1044,801,1150,29
1045,802,1150,29
1046,901,1150,29
1047,902,1150,29
1048,1001,1150,29
1049,1002,1150,29
1050,Basement,2600,29
1051,Parking,500,29
1052,"Hallway 1st floor",120,29
1053,"Hallway 2nd floor",120,29
1054,"Hallway 3rd floor",120,29
1055,"Hallway 4th floor",120,29
1056,"Hallway 5th floor",120,29
1057,"Hallway 6th floor",120,29
1058,"Hallway 7th floor",120,29
1059,"Hallway 8th floor",120,29
1060,"Hallway 9th floor",120,29
1061,"Hallway 10th floor",120,29
1062,Terrace,2300,29
1063,101,1300,30
1064,102,1300,30
1065,201,1300,30
1066,202,1300,30
1067,301,1300,30
1068,302,1300,30
1069,401,1300,30
1070,402,1300,30
1071,501,1300,30
1072,502,1300,30
1073,601,1300,30
1074,602,1150,30
1075,701,1150,30
1076,702,1150,30
1077,801,1150,30
1078,802,1150,30
1079,901,1150,30
1080,902,1150,30
1081,1001,1150,30
1082,1002,1150,30
1083,Basement,2600,30
1084,Parking,500,30
1085,"Hallway 1st floor",120,30
1086,"Hallway 2nd floor",120,30
1087,"Hallway 3rd floor",120,30
1088,"Hallway 4th floor",120,30
1089,"Hallway 5th floor",120,30
1090,"Hallway 6th floor",120,30
1091,"Hallway 7th floor",120,30
1092,"Hallway 8th floor",120,30
1093,"Hallway 9th floor",120,30
1094,"Hallway 10th floor",120,30
1095,Terrace,2300,30
1096,101,1300,31
1097,102,1300,31
1098,201,1300,31
1099,202,1300,31
1100,301,1300,31
1101,302,1300,31
1102,401,1300,31
1103,402,1300,31
1104,501,1300,31
1105,502,1300,31
1106,601,1300,31
1107,602,1150,31
1108,701,1150,31
1109,702,1150,31
1110,801,1150,31
1111,802,1150,31
1112,901,1150,31
1113,902,1150,31
1114,1001,1150,31
1115,1002,1150,31
1116,Basement,2600,31
1117,Parking,500,31
1118,"Hallway 1st floor",120,31
1119,"Hallway 2nd floor",120,31
1120,"Hallway 3rd floor",120,31
1121,"Hallway 4th floor",120,31
1122,"Hallway 5th floor",120,31
1123,"Hallway 6th floor",120,31
1124,"Hallway 7th floor",120,31
1125,"Hallway 8th floor",120,31
1126,"Hallway 9th floor",120,31
1127,"Hallway 10th floor",120,31
1128,Terrace,2300,31
1129,101,1000,32
1130,102,1000,32
1131,103,1000,32
1132,104,1000,32
1133,105,1500,32
1134,106,1500,32
1135,107,1500,32
1136,108,1500,32
1137,201,1000,32
1138,202,1000,32
1139,203,1000,32
1140,204,1000,32
1141,205,1500,32
1142,206,1500,32
1143,207,1500,32
1144,208,1500,32
1145,301,1000,32
1146,302,1000,32
1147,303,1000,32
1148,304,1000,32
1149,305,1500,32
1150,306,1500,32
1151,307,1500,32
1152,308,1500,32
1153,401,1000,32
1154,402,1000,32
1155,403,1000,32
1156,404,1000,32
1157,405,1500,32
1158,406,1500,32
1159,407,1500,32
1160,408,1500,32
1161,501,1000,32
1162,502,1000,32
1163,503,1000,32
1164,504,1000,32
1165,505,1500,32
1166,506,1500,32
1167,507,1500,32
1168,508,1500,32
1169,Basement,10000,32
1170,Parking,500,32
1171,"Hallway 1st floor",100,32
1172,"Hallway 2nd floor",100,32
1173,"Hallway 3rd floor",100,32
1174,"Hallway 4th floor",100,32
1175,"Hallway 5th floor",100,32
1176,Terrace,10000,32
1177,101,1000,33
1178,102,1000,33
1179,103,1000,33
1180,104,1000,33
1181,105,1500,33
1182,106,1500,33
1183,107,1500,33
1184,108,1500,33
1185,201,1000,33
1186,202,1000,33
1187,203,1000,33
1188,204,1000,33
1189,205,1500,33
1190,206,1500,33
1191,207,1500,33
1192,208,1500,33
1193,301,1000,33
1194,302,1000,33
1195,303,1000,33
1196,304,1000,33
1197,305,1500,33
1198,306,1500,33
1199,307,1500,33
1200,308,1500,33
1201,401,1000,33
1202,402,1000,33
1203,403,1000,33
1204,404,1000,33
1205,405,1500,33
1206,406,1500,33
1207,407,1500,33
1208,408,1500,33
1209,501,1000,33
1210,502,1000,33
1211,503,1000,33
1212,504,1000,33
1213,505,1500,33
1214,506,1500,33
1215,507,1500,33
1216,508,1500,33
1217,Basement,10000,33
1218,Parking,500,33
1219,"Hallway 1st floor",100,33
1220,"Hallway 2nd floor",100,33
1221,"Hallway 3rd floor",100,33
1222,"Hallway 4th floor",100,33
1223,"Hallway 5th floor",100,33
1224,Terrace,10000,33
1225,101,1000,34
1226,102,1000,34
1227,103,1000,34
1228,104,1000,34
1229,105,1500,34
1230,106,1500,34
1231,107,1500,34
1232,108,1500,34
1233,201,1000,34
1234,202,1000,34
1235,203,1000,34
1236,204,1000,34
1237,205,1500,34
1238,206,1500,34
1239,207,1500,34
1240,208,1500,34
1241,301,1000,34
1242,302,1000,34
1243,303,1000,34
1244,304,1000,34
1245,305,1500,34
1246,306,1500,34
1247,307,1500,34
1248,308,1500,34
1249,401,1000,34
1250,402,1000,34
1251,403,1000,34
1252,404,1000,34
1253,405,1500,34
1254,406,1500,34
1255,407,1500,34
1256,408,1500,34
1257,501,1000,34
1258,502,1000,34
1259,503,1000,34
1260,504,1000,34
1261,505,1500,34
1262,506,1500,34
1263,507,1500,34
1264,508,1500,34
1265,Basement,10000,34
1266,Parking,500,34
1267,"Hallway 1st floor",100,34
1268,"Hallway 2nd floor",100,34
1269,"Hallway 3rd floor",100,34
1270,"Hallway 4th floor",100,34
1271,"Hallway 5th floor",100,34
1272,Terrace,10000,34
1273,101,1000,35
1274,102,1000,35
1275,103,1000,35
1276,104,1000,35
1277,105,1500,35
1278,106,1500,35
1279,107,1500,35
1280,108,1500,35
1281,201,1000,35
1282,202,1000,35
1283,203,1000,35
1284,204,1000,35
1285,205,1500,35
1286,206,1500,35
1287,207,1500,35
1288,208,1500,35
1289,301,1000,35
1290,302,1000,35
1291,303,1000,35
1292,304,1000,35
1293,305,1500,35
1294,306,1500,35
1295,307,1500,35
1296,308,1500,35
1297,401,1000,35
1298,402,1000,35
1299,403,1000,35
1300,404,1000,35
1301,405,1500,35
1302,406,1500,35
1303,407,1500,35
1304,408,1500,35
1305,501,1000,35
1306,502,1000,35
1307,503,1000,35
1308,504,1000,35
1309,505,1500,35
1310,506,1500,35
1311,507,1500,35
1312,508,1500,35
1313,Basement,10000,35
1314,Parking,500,35
1315,"Hallway 1st floor",100,35
1316,"Hallway 2nd floor",100,35
1317,"Hallway 3rd floor",100,35
1318,"Hallway 4th floor",100,35
1319,"Hallway 5th floor",100,35
1320,Terrace,10000,35
1321,101,1000,36
1322,102,1000,36
1323,103,1000,36
1324,104,1000,36
1325,105,1500,36
1326,106,1500,36
1327,107,1500,36
1328,108,1500,36
1329,201,1000,36
1330,202,1000,36
1331,203,1000,36
1332,204,1000,36
1333,205,1500,36
1334,206,1500,36
1335,207,1500,36
1336,208,1500,36
1337,301,1000,36
1338,302,1000,36
1339,303,1000,36
1340,304,1000,36
1341,305,1500,36
1342,306,1500,36
1343,307,1500,36
1344,308,1500,36
1345,401,1000,36
1346,402,1000,36
1347,403,1000,36
1348,404,1000,36
1349,405,1500,36
1350,406,1500,36
1351,407,1500,36
1352,408,1500,36
1353,501,1000,36
1354,502,1000,36
1355,503,1000,36
1356,504,1000,36
1357,505,1500,36
1358,506,1500,36
1359,507,1500,36
1360,508,1500,36
1361,Basement,10000,36
1362,Parking,500,36
1363,"Hallway 1st floor",100,36
1364,"Hallway 2nd floor",100,36
1365,"Hallway 3rd floor",100,36
1366,"Hallway 4th floor",100,36
1367,"Hallway 5th floor",100,36
1368,Terrace,10000,36
1369,101,1000,37
1370,102,1000,37
1371,103,1000,37
1372,104,1000,37
1373,105,1500,37
1374,106,1500,37
1375,107,1500,37
1376,108,1500,37
1377,201,1000,37
1378,202,1000,37
1379,203,1000,37
1380,204,1000,37
1381,205,1500,37
1382,206,1500,37
1383,207,1500,37
1384,208,1500,37
1385,301,1000,37
1386,302,1000,37
1387,303,1000,37
1388,304,1000,37
1389,305,1500,37
1390,306,1500,37
1391,307,1500,37
1392,308,1500,37
1393,401,1000,37
1394,402,1000,37
1395,403,1000,37
1396,404,1000,37
1397,405,1500,37
1398,406,1500,37
1399,407,1500,37
1400,408,1500,37
1401,501,1000,37
1402,502,1000,37
1403,503,1000,37
1404,504,1000,37
1405,505,1500,37
1406,506,1500,37
1407,507,1500,37
1408,508,1500,37
1409,Basement,10000,37
1410,Parking,500,37
1411,"Hallway 1st floor",100,37
1412,"Hallway 2nd floor",100,37
1413,"Hallway 3rd floor",100,37
1414,"Hallway 4th floor",100,37
1415,"Hallway 5th floor",100,37
1416,Terrace,10000,37
1417,101,1000,38
1418,102,1000,38
1419,103,1000,38
1420,104,1000,38
1421,105,1500,38
1422,106,1500,38
1423,107,1500,38
1424,108,1500,38
1425,201,1000,38
1426,202,1000,38
1427,203,1000,38
1428,204,1000,38
1429,205,1500,38
1430,206,1500,38
1431,207,1500,38
1432,208,1500,38
1433,301,1000,38
1434,302,1000,38
1435,303,1000,38
1436,304,1000,38
1437,305,1500,38
1438,306,1500,38
1439,307,1500,38
1440,308,1500,38
1441,401,1000,38
1442,402,1000,38
1443,403,1000,38
1444,404,1000,38
1445,405,1500,38
1446,406,1500,38
1447,407,1500,38
1448,408,1500,38
1449,501,1000,38
1450,502,1000,38
1451,503,1000,38
1452,504,1000,38
1453,505,1500,38
1454,506,1500,38
1455,507,1500,38
1456,508,1500,38
1457,Basement,10000,38
1458,Parking,500,38
1459,"Hallway 1st floor",100,38
1460,"Hallway 2nd floor",100,38
1461,"Hallway 3rd floor",100,38
1462,"Hallway 4th floor",100,38
1463,"Hallway 5th floor",100,38
1464,Terrace,10000,38
1465,101,1000,39
1466,102,1000,39
1467,103,1000,39
1468,104,1000,39
1469,105,1500,39
1470,106,1500,39
1471,107,1500,39
1472,108,1500,39
1473,201,1000,39
1474,202,1000,39
1475,203,1000,39
1476,204,1000,39
1477,205,1500,39
1478,206,1500,39
1479,207,1500,39
1480,208,1500,39
1481,301,1000,39
1482,302,1000,39
1483,303,1000,39
1484,304,1000,39
1485,305,1500,39
1486,306,1500,39
1487,307,1500,39
1488,308,1500,39
1489,401,1000,39
1490,402,1000,39
1491,403,1000,39
1492,404,1000,39
1493,405,1500,39
1494,406,1500,39
1495,407,1500,39
1496,408,1500,39
1497,501,1000,39
1498,502,1000,39
1499,503,1000,39
1500,504,1000,39
1501,505,1500,39
1502,506,1500,39
1503,507,1500,39
1504,508,1500,39
1505,Basement,10000,39
1506,Parking,500,39
1507,"Hallway 1st floor",100,39
1508,"Hallway 2nd floor",100,39
1509,"Hallway 3rd floor",100,39
1510,"Hallway 4th floor",100,39
1511,"Hallway 5th floor",100,39
1512,Terrace,10000,39
1513,101,1000,40
1514,102,1000,40
1515,103,1000,40
1516,104,1000,40
1517,105,1500,40
1518,106,1500,40
1519,107,1500,40
1520,108,1500,40
1521,201,1000,40
1522,202,1000,40
1523,203,1000,40
1524,204,1000,40
1525,205,1500,40
1526,206,1500,40
1527,207,1500,40
1528,208,1500,40
1529,301,1000,40
1530,302,1000,40
1531,303,1000,40
1532,304,1000,40
1533,305,1500,40
1534,306,1500,40
1535,307,1500,40
1536,308,1500,40
1537,401,1000,40
1538,402,1000,40
1539,403,1000,40
1540,404,1000,40
1541,405,1500,40
1542,406,1500,40
1543,407,1500,40
1544,408,1500,40
1545,501,1000,40
1546,502,1000,40
1547,503,1000,40
1548,504,1000,40
1549,505,1500,40
1550,506,1500,40
1551,507,1500,40
1552,508,1500,40
1553,Basement,10000,40
1554,Parking,500,40
1555,"Hallway 1st floor",100,40
1556,"Hallway 2nd floor",100,40
1557,"Hallway 3rd floor",100,40
1558,"Hallway 4th floor",100,40
1559,"Hallway 5th floor",100,40
1560,Terrace,10000,40
1561,101,1000,41
1562,102,1000,41
1563,103,1000,41
1564,104,1000,41
1565,105,1500,41
1566,106,1500,41
1567,107,1500,41
1568,108,1500,41
1569,201,1000,41
1570,202,1000,41
1571,203,1000,41
1572,204,1000,41
1573,205,1500,41
1574,206,1500,41
1575,207,1500,41
1576,208,1500,41
1577,301,1000,41
1578,302,1000,41
1579,303,1000,41
1580,304,1000,41
1581,305,1500,41
1582,306,1500,41
1583,307,1500,41
1584,308,1500,41
1585,401,1000,41
1586,402,1000,41
1587,403,1000,41
1588,404,1000,41
1589,405,1500,41
1590,406,1500,41
1591,407,1500,41
1592,408,1500,41
1593,501,1000,41
1594,502,1000,41
1595,503,1000,41
1596,504,1000,41
1597,505,1500,41
1598,506,1500,41
1599,507,1500,41
1600,508,1500,41
1601,Basement,10000,41
1602,Parking,500,41
1603,"Hallway 1st floor",100,41
1604,"Hallway 2nd floor",100,41
1605,"Hallway 3rd floor",100,41
1606,"Hallway 4th floor",100,41
1607,"Hallway 5th floor",100,41
1608,Terrace,10000,41
1609,101,1000,42
1610,102,1000,42
1611,103,1000,42
1612,104,1000,42
1613,105,1500,42
1614,106,1500,42
1615,107,1500,42
1616,108,1500,42
1617,201,1000,42
1618,202,1000,42
1619,203,1000,42
1620,204,1000,42
1621,205,1500,42
1622,206,1500,42
1623,207,1500,42
1624,208,1500,42
1625,301,1000,42
1626,302,1000,42
1627,303,1000,42
1628,304,1000,42
1629,305,1500,42
1630,306,1500,42
1631,307,1500,42
1632,308,1500,42
1633,401,1000,42
1634,402,1000,42
1635,403,1000,42
1636,404,1000,42
1637,405,1500,42
1638,406,1500,42
1639,407,1500,42
1640,408,1500,42
1641,501,1000,42
1642,502,1000,42
1643,503,1000,42
1644,504,1000,42
1645,505,1500,42
1646,506,1500,42
1647,507,1500,42
1648,508,1500,42
1649,Basement,10000,42
1650,Parking,500,42
1651,"Hallway 1st floor",100,42
1652,"Hallway 2nd floor",100,42
1653,"Hallway 3rd floor",100,42
1654,"Hallway 4th floor",100,42
1655,"Hallway 5th floor",100,42
1656,Terrace,10000,42
1657,101,1000,43
1658,102,1000,43
1659,103,1000,43
1660,104,1000,43
1661,105,1500,43
1662,106,1500,43
1663,107,1500,43
1664,108,1500,43
1665,201,1000,43
1666,202,1000,43
1667,203,1000,43
1668,204,1000,43
1669,205,1500,43
1670,206,1500,43
1671,207,1500,43
1672,208,1500,43
1673,301,1000,43
1674,302,1000,43
1675,303,1000,43
1676,304,1000,43
1677,305,1500,43
1678,306,1500,43
1679,307,1500,43
1680,308,1500,43
1681,401,1000,43
1682,402,1000,43
1683,403,1000,43
1684,404,1000,43
1685,405,1500,43
1686,406,1500,43
1687,407,1500,43
1688,408,1500,43
1689,501,1000,43
1690,502,1000,43
1691,503,1000,43
1692,504,1000,43
1693,505,1500,43
1694,506,1500,43
1695,507,1500,43
1696,508,1500,43
1697,Basement,10000,43
1698,Parking,500,43
1699,"Hallway 1st floor",100,43
1700,"Hallway 2nd floor",100,43
1701,"Hallway 3rd floor",100,43
1702,"Hallway 4th floor",100,43
1703,"Hallway 5th floor",100,43
1704,Terrace,10000,43
1705,101,1000,44
1706,102,1000,44
1707,103,1000,44
1708,104,1000,44
1709,105,1500,44
1710,106,1500,44
1711,107,1500,44
1712,108,1500,44
1713,201,1000,44
1714,202,1000,44
1715,203,1000,44
1716,204,1000,44
1717,205,1500,44
1718,206,1500,44
1719,207,1500,44
1720,208,1500,44
1721,301,1000,44
1722,302,1000,44
1723,303,1000,44
1724,304,1000,44
1725,305,1500,44
1726,306,1500,44
1727,307,1500,44
1728,308,1500,44
1729,401,1000,44
1730,402,1000,44
1731,403,1000,44
1732,404,1000,44
1733,405,1500,44
1734,406,1500,44
1735,407,1500,44
1736,408,1500,44
1737,501,1000,44
1738,502,1000,44
1739,503,1000,44
1740,504,1000,44
1741,505,1500,44
1742,506,1500,44
1743,507,1500,44
1744,508,1500,44
1745,Basement,10000,44
1746,Parking,500,44
1747,"Hallway 1st floor",100,44
1748,"Hallway 2nd floor",100,44
1749,"Hallway 3rd floor",100,44
1750,"Hallway 4th floor",100,44
1751,"Hallway 5th floor",100,44
1752,Terrace,10000,44
1753,101,1000,45
1754,102,1000,45
1755,103,1000,45
1756,104,1000,45
1757,105,1500,45
1758,106,1500,45
1759,107,1500,45
1760,108,1500,45
1761,201,1000,45
1762,202,1000,45
1763,203,1000,45
1764,204,1000,45
1765,205,1500,45
1766,206,1500,45
1767,207,1500,45
1768,208,1500,45
1769,301,1000,45
1770,302,1000,45
1771,303,1000,45
1772,304,1000,45
1773,305,1500,45
1774,306,1500,45
1775,307,1500,45
1776,308,1500,45
1777,401,1000,45
1778,402,1000,45
1779,403,1000,45
1780,404,1000,45
1781,405,1500,45
1782,406,1500,45
1783,407,1500,45
1784,408,1500,45
1785,501,1000,45
1786,502,1000,45
1787,503,1000,45
1788,504,1000,45
1789,505,1500,45
1790,506,1500,45
1791,507,1500,45
1792,508,1500,45
1793,Basement,10000,45
1794,Parking,500,45
1795,"Hallway 1st floor",100,45
1796,"Hallway 2nd floor",100,45
1797,"Hallway 3rd floor",100,45
1798,"Hallway 4th floor",100,45
1799,"Hallway 5th floor",100,45
1800,Terrace,10000,45
1801,101,1000,46
1802,102,1000,46
1803,103,1000,46
1804,104,1000,46
1805,105,1500,46
1806,106,1500,46
1807,107,1500,46
1808,108,1500,46
1809,201,1000,46
1810,202,1000,46
1811,203,1000,46
1812,204,1000,46
1813,205,1500,46
1814,206,1500,46
1815,207,1500,46
1816,208,1500,46
1817,301,1000,46
1818,302,1000,46
1819,303,1000,46
1820,304,1000,46
1821,305,1500,46
1822,306,1500,46
1823,307,1500,46
1824,308,1500,46
1825,401,1000,46
1826,402,1000,46
1827,403,1000,46
1828,404,1000,46
1829,405,1500,46
1830,406,1500,46
1831,407,1500,46
1832,408,1500,46
1833,501,1000,46
1834,502,1000,46
1835,503,1000,46
1836,504,1000,46
1837,505,1500,46
1838,506,1500,46
1839,507,1500,46
1840,508,1500,46
1841,Basement,10000,46
1842,Parking,500,46
1843,"Hallway 1st floor",100,46
1844,"Hallway 2nd floor",100,46
1845,"Hallway 3rd floor",100,46
1846,"Hallway 4th floor",100,46
1847,"Hallway 5th floor",100,46
1848,Terrace,10000,46
1849,101,1000,47
1850,102,1000,47
1851,201,1000,47
1852,202,1000,47
1853,301,1000,47
1854,302,1000,47
1855,401,1000,47
1856,402,1000,47
1857,501,1000,47
1858,502,1000,47
1859,601,1150,47
1860,602,1150,47
1861,701,1150,47
1862,702,1150,47
1863,801,1150,47
1864,802,1150,47
1865,901,1150,47
1866,902,1150,47
1867,1001,1150,47
1868,1002,1150,47
1869,Basement,2000,47
1870,Parking,700,47
1871,"Hallway 1st floor",100,47
1872,"Hallway 2nd floor",100,47
1873,"Hallway 3rd floor",100,47
1874,"Hallway 4th floor",100,47
1875,"Hallway 5th floor",100,47
1876,"Hallway 6th floor",100,47
1877,"Hallway 7th floor",100,47
1878,"Hallway 8th floor",100,47
1879,"Hallway 9th floor",100,47
1880,"Hallway 10th floor",100,47
1881,Terrace,2300,47
1882,101,1000,48
1883,102,1000,48
1884,201,1000,48
1885,202,1000,48
1886,301,1000,48
1887,302,1000,48
1888,401,1000,48
1889,402,1000,48
1890,501,1000,48
1891,502,1000,48
1892,601,1150,48
1893,602,1150,48
1894,701,1150,48
1895,702,1150,48
1896,801,1150,48
1897,802,1150,48
1898,901,1150,48
1899,902,1150,48
1900,1001,1150,48
1901,1002,1150,48
1902,Basement,2000,48
1903,Parking,700,48
1904,"Hallway 1st floor",100,48
1905,"Hallway 2nd floor",100,48
1906,"Hallway 3rd floor",100,48
1907,"Hallway 4th floor",100,48
1908,"Hallway 5th floor",100,48
1909,"Hallway 6th floor",100,48
1910,"Hallway 7th floor",100,48
1911,"Hallway 8th floor",100,48
1912,"Hallway 9th floor",100,48
1913,"Hallway 10th floor",100,48
1914,Terrace,2300,48
1915,101,1000,49
1916,102,1000,49
1917,201,1000,49
1918,202,1000,49
1919,301,1000,49
1920,302,1000,49
1921,401,1000,49
1922,402,1000,49
1923,501,1000,49
1924,502,1000,49
1925,601,1150,49
1926,602,1150,49
1927,701,1150,49
1928,702,1150,49
1929,801,1150,49
1930,802,1150,49
1931,901,1150,49
1932,902,1150,49
1933,1001,1150,49
1934,1002,1150,49
1935,Basement,2000,49
1936,Parking,700,49
1937,"Hallway 1st floor",100,49
1938,"Hallway 2nd floor",100,49
1939,"Hallway 3rd floor",100,49
1940,"Hallway 4th floor",100,49
1941,"Hallway 5th floor",100,49
1942,"Hallway 6th floor",100,49
1943,"Hallway 7th floor",100,49
1944,"Hallway 8th floor",100,49
1945,"Hallway 9th floor",100,49
1946,"Hallway 10th floor",100,49
1947,Terrace,2300,49
1948,101,1000,50
1949,102,1000,50
1950,201,1000,50
1951,202,1000,50
1952,301,1000,50
1953,302,1000,50
1954,401,1000,50
1955,402,1000,50
1956,501,1000,50
1957,502,1000,50
1958,601,1150,50
1959,602,1150,50
1960,701,1150,50
1961,702,1150,50
1962,801,1150,50
1963,802,1150,50
1964,901,1150,50
1965,902,1150,50
1966,1001,1150,50
1967,1002,1150,50
1968,Basement,2000,50
1969,Parking,700,50
1970,"Hallway 1st floor",100,50
1971,"Hallway 2nd floor",100,50
1972,"Hallway 3rd floor",100,50
1973,"Hallway 4th floor",100,50
1974,"Hallway 5th floor",100,50
1975,"Hallway 6th floor",100,50
1976,"Hallway 7th floor",100,50
1977,"Hallway 8th floor",100,50
1978,"Hallway 9th floor",100,50
1979,"Hallway 10th floor",100,50
1980,Terrace,2300,50
